"human_symbol","human_entrez","human_ensembl","taxon_id","symbol","entrez","ensembl","support","support_n"
"ABHD12",26090,"ENSG00000100997",13616,"ABHD12",100033224,"ENSMODG00000006439","EggNOG|Ensembl|Inparanoid|NCBI|Panther|Treefam",6
"ABHD17C",58489,"ENSG00000136379",13616,"ABHD17C",100011300,"ENSMODG00000019406","EggNOG|Ensembl|NCBI|Panther|Treefam",5
"ABRACL",58527,"ENSG00000146386",13616,"ABRACL",100619767,"ENSMODG00000017290","EggNOG|Inparanoid|NCBI|OMA|OrthoDB|Panther|PhylomeDB",7
"ACADVL",37,"ENSG00000072778",13616,"ACADVL",NA,"ENSMODG00000006498","Ensembl|Inparanoid|OMA|Panther|PhylomeDB|Treefam",6
"ACOT8",10005,"ENSG00000101473",13616,"ACOT8",100021873,"ENSMODG00000013679","EggNOG|Ensembl|Inparanoid|NCBI|Panther|Treefam",6
"ACTL6A",86,"ENSG00000136518",13616,"ACTL6A",100013700,"ENSMODG00000021302","EggNOG|Ensembl|Inparanoid|NCBI|OMA|Panther|PhylomeDB|Treefam",8
"ACYP1",97,"ENSG00000119640",13616,"ACYP1",100018447,"ENSMODG00000006014","EggNOG|Inparanoid|NCBI|Panther|Treefam",5
"ADH5",128,"ENSG00000197894",13616,"LOC100618327",100618327,"ENSMODG00000025138","EggNOG|Ensembl|OMA|Panther|Treefam",5
"AGPAT2",10555,"ENSG00000169692",13616,"AGPAT2",100019982,"ENSMODG00000017601","EggNOG|Ensembl|Inparanoid|NCBI|OrthoDB|Panther|Treefam",7
"AHCY",191,"ENSG00000101444",13616,"AHCY",100028450,"ENSMODG00000002753","EggNOG|Ensembl|Inparanoid|NCBI|OrthoDB|Panther|PhylomeDB|Treefam",8
"AK4",205,"ENSG00000162433",13616,NA,NA,"ENSMODG00000001217","EggNOG|Ensembl|Panther|Treefam",4
"AKR1A1",10327,"ENSG00000117448",13616,"AKR1A1",100024617,"ENSMODG00000002355","EggNOG|Ensembl|Inparanoid|NCBI|OMA|Panther|PhylomeDB|Treefam",8
"AKR1E2",83592,"ENSG00000165568",13616,"AKR1E2",100018228,"ENSMODG00000018481","Ensembl|Inparanoid|NCBI|OMA|OrthoDB|Panther|Treefam",7
"ALDH18A1",5832,"ENSG00000059573",13616,"ALDH18A1",100023017,"ENSMODG00000005008","EggNOG|Ensembl|Inparanoid|NCBI|OrthoDB|Panther|Treefam",7
"ALDH2",217,"ENSG00000111275",13616,"ALDH2",100017741,"ENSMODG00000012189","Ensembl|NCBI|OMA|OrthoDB|Panther|Treefam",6
"ALDOC",230,"ENSG00000109107",13616,"ALDOC",100019791,"ENSMODG00000019259","EggNOG|Ensembl|Inparanoid|NCBI|OMA|OrthoDB|Panther|Treefam",8
"ALPL",249,"ENSG00000162551",13616,"ALPL",100026689,"ENSMODG00000016006","EggNOG|Ensembl|Inparanoid|NCBI|OMA|OrthoDB|Panther|Treefam",8
"ANKRD37",353322,"ENSG00000186352",13616,"ANKRD37",100014637,"ENSMODG00000004702","EggNOG|Ensembl|Inparanoid|NCBI|OMA|Panther|PhylomeDB|Treefam",8
"ANP32A",8125,"ENSG00000140350",13616,"ANP32A",100026134,"ENSMODG00000009359","EggNOG|Ensembl|NCBI|OrthoDB|Panther|Treefam",6
"ANPEP",290,"ENSG00000166825",13616,"ANPEP",100015326,"ENSMODG00000019534","EggNOG|Ensembl|Inparanoid|NCBI|OrthoDB|Panther|Treefam",7
"AP1S3",130340,"ENSG00000152056",13616,"AP1S3",100022527,"ENSMODG00000021198","EggNOG|Ensembl|Inparanoid|NCBI|OMA|Panther|PhylomeDB|Treefam",8
"AP3S1",1176,"ENSG00000177879",13616,"AP3S1",NA,"ENSMODG00000013641","Ensembl|OMA|Panther|Treefam",4
"APBB1",322,"ENSG00000166313",13616,"APBB1",100030868,"ENSMODG00000018585","EggNOG|Ensembl|Inparanoid|NCBI|OMA|OrthoDB|Panther|Treefam",8
"APEX1",328,"ENSG00000100823",13616,"APEX1",100029539,"ENSMODG00000007125","EggNOG|Ensembl|Inparanoid|NCBI|Panther|Treefam",6
"APLP2",334,"ENSG00000084234",13616,"APLP2",100021514,"ENSMODG00000005040","EggNOG|Ensembl|Inparanoid|NCBI|OMA|Panther|Treefam",7
"APP",351,"ENSG00000142192",13616,"APP",100021944,"ENSMODG00000021001","EggNOG|Ensembl|Inparanoid|NCBI|OMA|Panther|Treefam",7
"APPL1",26060,"ENSG00000157500",13616,"APPL1",100010013,"ENSMODG00000000094","EggNOG|Ensembl|Inparanoid|NCBI|OMA|OrthoDB|Panther|Treefam",8
"APRT",353,"ENSG00000198931",13616,"APRT",100019032,"ENSMODG00000004041","EggNOG|Ensembl|Inparanoid|NCBI|OrthoDB|Panther|PhylomeDB|Treefam",8
"ARF5",381,"ENSG00000004059",13616,"ARF5",100014430,"ENSMODG00000015229","EggNOG|Ensembl|Inparanoid|NCBI|OMA|OrthoDB|Panther|PhylomeDB|Treefam",9
"ARL2",402,"ENSG00000213465",13616,"ARL2",100017870,"ENSMODG00000010200","EggNOG|Ensembl|Inparanoid|NCBI|OMA|OrthoDB|Panther|PhylomeDB|Treefam",9
"ARPC5",10092,"ENSG00000162704",13616,"ARPC5",100018488,"ENSMODG00000007194","Ensembl|Inparanoid|NCBI|OMA|Panther|Treefam",6
"ARPC5L",81873,"ENSG00000136950",13616,"ARPC5L",100015743,"ENSMODG00000019755","EggNOG|Ensembl|Inparanoid|NCBI|Panther|Treefam",6
"ARRB2",409,"ENSG00000141480",13616,"ARRB2",100016052,"ENSMODG00000005657","EggNOG|Ensembl|Inparanoid|NCBI|OMA|Panther|Treefam",7
"ASPG",374569,"ENSG00000166183",13616,"ASPG",100020616,"ENSMODG00000013615","EggNOG|Ensembl|Inparanoid|NCBI|OrthoDB|Panther|Treefam",7
"ATOX1",475,"ENSG00000177556",13616,"ATOX1",100029538,"ENSMODG00000009005","EggNOG|NCBI|Panther|PhylomeDB|Treefam",5
"ATP5IF1",93974,"ENSG00000130770",13616,"ATP5IF1",100020357,"ENSMODG00000010826","EggNOG|Ensembl|NCBI|OMA|OrthoDB|Panther|Treefam",7
"B2M",567,"ENSG00000166710",13616,"B2M",554191,"ENSMODG00000017688","Ensembl|Inparanoid|NCBI|OrthoDB|Panther",5
"B3GAT3",26229,"ENSG00000149541",13616,"B3GAT3",100010236,"ENSMODG00000007801","EggNOG|Ensembl|Inparanoid|NCBI|OMA|OrthoDB|Panther|Treefam",8
"B9D1",27077,"ENSG00000108641",13616,"B9D1",100016238,"ENSMODG00000000984","EggNOG|Ensembl|Inparanoid|NCBI|OMA|Panther|Treefam",7
"B9D2",80776,"ENSG00000123810",13616,"B9D2",100015870,"ENSMODG00000008635","EggNOG|Ensembl|Inparanoid|NCBI|OMA|OrthoDB|Panther|PhylomeDB|Treefam",9
"BAX",581,"ENSG00000087088",13616,"BAX",100030412,"ENSMODG00000013726","Ensembl|Inparanoid|NCBI|OMA|OrthoDB|Panther|Treefam",7
"BOP1",23246,"ENSG00000261236",13616,"BOP1",100018165,"ENSMODG00000010589","EggNOG|Ensembl|NCBI|OMA|OrthoDB|Panther",6
"BRDT",676,"ENSG00000137948",13616,"BRDT",100026533,"ENSMODG00000011893","EggNOG|Ensembl|Inparanoid|NCBI|OMA|OrthoDB|Panther|Treefam",8
"BRIX1",55299,"ENSG00000113460",13616,"BRIX1",100020817,"ENSMODG00000020386","EggNOG|Ensembl|Inparanoid|NCBI|OMA|OrthoDB|Panther|Treefam",8
"BST1",683,"ENSG00000109743",13616,"BST1",100015733,"ENSMODG00000001017","EggNOG|Ensembl|Inparanoid|NCBI|OMA|Panther|Treefam",7
"CA2",760,"ENSG00000104267",13616,"LOC100025850",100025850,"ENSMODG00000025608","EggNOG|Ensembl|OMA|Panther|Treefam",5
"CAPG",822,"ENSG00000042493",13616,"CAPG",100018874,"ENSMODG00000015599","EggNOG|Ensembl|Inparanoid|NCBI|Panther|Treefam",6
"CAPN1",823,"ENSG00000014216",13616,"CAPN1",100030405,"ENSMODG00000010045","EggNOG|Ensembl|NCBI|OMA|Treefam",5
"CARNMT1",138199,"ENSG00000156017",13616,"CARNMT1",100019997,"ENSMODG00000001990","EggNOG|Ensembl|NCBI|OMA|OrthoDB|Panther|Treefam",7
"CBX1",10951,"ENSG00000108468",13616,"CBX1",100018013,"ENSMODG00000012368","EggNOG|Ensembl|Inparanoid|NCBI|OMA|Panther|Treefam",7
"CBX3",11335,"ENSG00000122565",13616,"CBX3",100010415,"ENSMODG00000000572","Inparanoid|NCBI|OMA|OrthoDB|Panther|PhylomeDB|Treefam",7
"CCDC160",347475,"ENSG00000203952",13616,"CCDC160",100620006,"ENSMODG00000025298","Inparanoid|NCBI|OMA|OrthoDB",4
"CCDC28B",79140,"ENSG00000160050",13616,"CCDC28B",100032277,"ENSMODG00000017487","EggNOG|Ensembl|Inparanoid|NCBI|OMA|OrthoDB|Panther|PhylomeDB|Treefam",9
"CCDC59",29080,"ENSG00000133773",13616,"CCDC59",100020051,"ENSMODG00000020484","Ensembl|NCBI|Panther|Treefam",4
"CCND1",595,"ENSG00000110092",13616,NA,NA,"ENSMODG00000004080","EggNOG|Ensembl|Treefam",3
"CCND2",894,"ENSG00000118971",13616,"CCND2",100016259,"ENSMODG00000018312","EggNOG|Ensembl|Inparanoid|NCBI|OMA|OrthoDB|Panther|Treefam",8
"CCT4",10575,"ENSG00000115484",13616,"CCT4",100031910,"ENSMODG00000002882","EggNOG|Ensembl|Inparanoid|NCBI|Panther|Treefam",6
"CD70",970,"ENSG00000125726",13616,"CD70",103102545,"ENSMODG00000001954","EggNOG|Ensembl|Inparanoid|NCBI|OMA|OrthoDB|Panther|Treefam",8
"CDC37",11140,"ENSG00000105401",13616,"CDC37",100012885,"ENSMODG00000005701","EggNOG|Ensembl|Inparanoid|NCBI|OMA|Panther|PhylomeDB|Treefam",8
"CDH3",1001,"ENSG00000062038",13616,"CDH3",100027786,"ENSMODG00000003284","EggNOG|Ensembl|Inparanoid|NCBI|Panther|Treefam",6
"CDK2AP1",8099,"ENSG00000111328",13616,"CDK2AP1",NA,"ENSMODG00000012451","EggNOG|Ensembl|Inparanoid|OMA|Panther|Treefam",6
"CDT1",81620,"ENSG00000167513",13616,"CDT1",100026231,"ENSMODG00000004053","EggNOG|Ensembl|Inparanoid|NCBI|Panther|Treefam",6
"CDYL",9425,"ENSG00000153046",13616,"CDYL",100028261,"ENSMODG00000009804","EggNOG|Ensembl|Inparanoid|NCBI|OMA|OrthoDB|Panther|Treefam",8
"CHCHD1",118487,"ENSG00000172586",13616,"CHCHD1",100010777,"ENSMODG00000000361","Ensembl|Inparanoid|NCBI|OrthoDB|Panther|PhylomeDB|Treefam",7
"CHCHD4",131474,"ENSG00000163528",13616,"CHCHD4",100026357,"ENSMODG00000007319","Ensembl|NCBI|OMA|OrthoDB|Panther|Treefam",6
"CHGB",1114,"ENSG00000089199",13616,NA,NA,"ENSMODG00000003761","EggNOG|Ensembl|Panther|Treefam",4
"CIAO2B",51647,"ENSG00000166595",13616,"CIAO2B",100014910,"ENSMODG00000006732","EggNOG|Ensembl|NCBI|Panther|Treefam",5
"CILK1",22858,"ENSG00000112144",13616,"CILK1",100014080,"ENSMODG00000018808","EggNOG|Ensembl|NCBI|OMA|OrthoDB|Panther|Treefam",7
"CLIC3",9022,"ENSG00000169583",13616,"CLIC3",100022461,"ENSMODG00000017298","EggNOG|Ensembl|Inparanoid|NCBI|Panther|Treefam",6
"CLXN",79645,"ENSG00000034239",13616,"CLXN",100030630,"ENSMODG00000010184","EggNOG|Ensembl|NCBI|OMA|Panther|Treefam",6
"CMTM5",116173,"ENSG00000166091",13616,"CMTM5",100030600,"ENSMODG00000004428","EggNOG|Ensembl|Inparanoid|NCBI|Panther",5
"CNBP",7555,"ENSG00000169714",13616,"CNBP",100028365,"ENSMODG00000008362","EggNOG|Ensembl|Inparanoid|NCBI|OMA|Panther|Treefam",7
"COMMD7",149951,"ENSG00000149600",13616,"COMMD7",100009837,"ENSMODG00000019450","EggNOG|Ensembl|Panther|PhylomeDB|Treefam",5
"COMTD1",118881,"ENSG00000165644",13616,"COMTD1",100012504,"ENSMODG00000000906","EggNOG|Ensembl|Inparanoid|NCBI|OrthoDB|Panther|PhylomeDB|Treefam",8
"COPRS",55352,"ENSG00000172301",13616,"COPRS",103101092,"ENSMODG00000025696","EggNOG|Ensembl|NCBI|OMA|Panther|Treefam",6
"COPS4",51138,"ENSG00000138663",13616,"COPS4",100017037,"ENSMODG00000019311","EggNOG|Ensembl|Inparanoid|NCBI|OMA|OrthoDB|Panther|Treefam",8
"COX20",116228,"ENSG00000203667",13616,"LOC100027021",100027021,"ENSMODG00000024669","Ensembl|NCBI|OMA|OrthoDB|Panther|Treefam",6
"CPSF6",11052,"ENSG00000111605",13616,"CPSF6",100013834,"ENSMODG00000007123","EggNOG|Ensembl|Inparanoid|NCBI|OMA|OrthoDB|Panther|Treefam",8
"CRIP2",1397,"ENSG00000182809",13616,"CRIP2",100012863,"ENSMODG00000014642","EggNOG|Ensembl|Inparanoid|NCBI|Panther|PhylomeDB|Treefam",7
"CRLS1",54675,"ENSG00000088766",13616,"CRLS1",100033289,"ENSMODG00000003883","EggNOG|Ensembl|Inparanoid|NCBI|Panther|PhylomeDB|Treefam",7
"CTBP2",1488,"ENSG00000175029",13616,"CTBP2",100010586,"ENSMODG00000010255","EggNOG|Ensembl|NCBI|OrthoDB|Panther|PhylomeDB|Treefam",7
"CTDSPL2",51496,"ENSG00000137770",13616,"CTDSPL2",100011515,"ENSMODG00000017709","EggNOG|Ensembl|Inparanoid|NCBI|OrthoDB|Panther|PhylomeDB|Treefam",8
"CTNNBL1",56259,"ENSG00000132792",13616,"CTNNBL1",100032834,"ENSMODG00000000226","EggNOG|Ensembl|Inparanoid|NCBI|OrthoDB|Panther|Treefam",7
"CUL2",8453,"ENSG00000108094",13616,"CUL2",100018154,"ENSMODG00000006944","EggNOG|Ensembl|Inparanoid|NCBI|OMA|OrthoDB|Panther|Treefam",8
"DACH2",117154,"ENSG00000126733",13616,"DACH2",100018328,"ENSMODG00000014370","EggNOG|NCBI|OMA|Panther|PhylomeDB|Treefam",6
"DBX2",440097,"ENSG00000185610",13616,"DBX2",100023503,"ENSMODG00000018530","EggNOG|Ensembl|Inparanoid|NCBI|OMA|Panther|PhylomeDB|Treefam",8
"DCAF13",25879,"ENSG00000164934",13616,"DCAF13",100024061,"ENSMODG00000005549","EggNOG|Ensembl|Inparanoid|NCBI|OMA|OrthoDB|Panther|Treefam",8
"DCPS",28960,"ENSG00000110063",13616,"DCPS",100019554,"ENSMODG00000004617","EggNOG|Ensembl|Inparanoid|NCBI|OMA|OrthoDB|Panther|PhylomeDB|Treefam",9
"DDX1",1653,"ENSG00000079785",13616,"DDX1",100013419,"ENSMODG00000010275","EggNOG|Ensembl|Inparanoid|NCBI|OrthoDB|Panther|Treefam",7
"DDX27",55661,"ENSG00000124228",13616,"DDX27",100029257,"ENSMODG00000016285","Ensembl|Inparanoid|NCBI|OrthoDB|Panther",5
"DDX39B",7919,"ENSG00000198563",13616,"DDX39B",NA,"ENSMODG00000015791","EggNOG|Ensembl|OMA|Panther|Treefam",5
"DIPK2A",205428,"ENSG00000181744",13616,"DIPK2A",100019028,"ENSMODG00000021245","EggNOG|Ensembl|NCBI|OMA|OrthoDB|Panther|PhylomeDB|Treefam",8
"DKK1",22943,"ENSG00000107984",13616,"DKK1",100023104,"ENSMODG00000016421","EggNOG|Ensembl|Inparanoid|NCBI|Panther|Treefam",6
"DKK4",27121,"ENSG00000104371",13616,"DKK4",100030155,"ENSMODG00000010183","EggNOG|Ensembl|Inparanoid|NCBI|OrthoDB|Panther|PhylomeDB|Treefam",8
"DNAJA1",3301,"ENSG00000086061",13616,"LOC100014880",100014880,"ENSMODG00000003384","EggNOG|Ensembl|OMA|Panther|Treefam",5
"DNAJC9",23234,"ENSG00000213551",13616,"DNAJC9",100010755,"ENSMODG00000000167","EggNOG|Ensembl|Inparanoid|NCBI|OrthoDB|Panther|Treefam",7
"DNMT3A",1788,"ENSG00000119772",13616,"DNMT3A",100030681,"ENSMODG00000015850","Ensembl|Inparanoid|NCBI|Panther|Treefam",5
"DNMT3B",1789,"ENSG00000088305",13616,"DNMT3B",100009884,"ENSMODG00000019447","EggNOG|Ensembl|Inparanoid|NCBI|Panther|Treefam",6
"DPF2",5977,"ENSG00000133884",13616,"DPF2",100017164,"ENSMODG00000009794","EggNOG|Ensembl|Inparanoid|NCBI|OMA|OrthoDB|Panther|Treefam",8
"DPPA2",151871,"ENSG00000163530",13616,"LOC103106071",103106071,"ENSMODG00000018083","EggNOG|Ensembl|OMA|Panther|Treefam",5
"DPYSL5",56896,"ENSG00000157851",13616,"DPYSL5",100030914,"ENSMODG00000015761","EggNOG|Ensembl|Inparanoid|NCBI|Panther|Treefam",6
"DSTN",11034,"ENSG00000125868",13616,"DSTN",100031503,"ENSMODG00000005428","EggNOG|Ensembl|Inparanoid|NCBI|Panther|PhylomeDB|Treefam",7
"DTD1",92675,"ENSG00000125821",13616,"DTD1",100031436,"ENSMODG00000005696","EggNOG|Ensembl|NCBI|Panther|Treefam",5
"DUSP12",11266,"ENSG00000081721",13616,"DUSP12",100015420,"ENSMODG00000000962","EggNOG|Ensembl|Inparanoid|NCBI|OMA|OrthoDB|Panther|Treefam",8
"DUSP6",1848,"ENSG00000139318",13616,"DUSP6",100014655,"ENSMODG00000020516","EggNOG|Ensembl|Inparanoid|NCBI|OMA|OrthoDB|Panther|Treefam",8
"DUT",1854,"ENSG00000128951",13616,"DUT",100025751,"ENSMODG00000002687","EggNOG|Ensembl|NCBI|Panther|Treefam",5
"DUX4",100288687,"ENSG00000260596",13616,"LOC103106765",103106765,"ENSMODG00000029013","Ensembl|OrthoDB|Panther",3
"DXO",1797,"ENSG00000204348",13616,"DXO",100025502,"ENSMODG00000015027","EggNOG|Ensembl|NCBI|OMA|Panther|Treefam",6
"DYNLL1",8655,"ENSG00000088986",13616,"DYNLL1",100018529,"ENSMODG00000003133","Ensembl|Inparanoid|NCBI|OMA|Panther|Treefam",6
"EEF1AKMT2",399818,"ENSG00000203791",13616,"EEF1AKMT2",100010328,"ENSMODG00000010207","EggNOG|Ensembl|NCBI|Panther|PhylomeDB|Treefam",6
"EEF1D",1936,"ENSG00000104529",13616,"EEF1D",100016958,"ENSMODG00000011225","EggNOG|Ensembl|NCBI|OMA|Panther|Treefam",6
"EIF2A",83939,"ENSG00000144895",13616,"EIF2A",100011894,"ENSMODG00000028858","EggNOG|Ensembl|Inparanoid|NCBI|OMA|OrthoDB|Panther|Treefam",8
"EIF4EBP1",1978,"ENSG00000187840",13616,"EIF4EBP1",100029774,"ENSMODG00000010768","Inparanoid|NCBI|OrthoDB",3
"ELF3",1999,"ENSG00000163435",13616,"ELF3",100011520,"ENSMODG00000000545","EggNOG|Ensembl|Inparanoid|NCBI|OMA|OrthoDB|Panther|Treefam",8
"ELOVL6",79071,"ENSG00000170522",13616,"ELOVL6",100020799,"ENSMODG00000012821","NCBI|OMA|Panther|Treefam",4
"ENO1",2023,"ENSG00000074800",13616,"LOC100010100",100010100,"ENSMODG00000009521","EggNOG|Ensembl|OMA|Panther|Treefam",5
"EPDR1",54749,"ENSG00000086289",13616,NA,NA,"ENSMODG00000012599","EggNOG|Ensembl|OMA|Panther",4
"ETV4",2118,"ENSG00000175832",13616,"ETV4",100010116,"ENSMODG00000015187","EggNOG|Ensembl|Inparanoid|NCBI|OMA|OrthoDB|Panther|Treefam",8
"EWSR1",2130,"ENSG00000182944",13616,"EWSR1",100018014,"ENSMODG00000008679","Inparanoid|NCBI|OMA|Panther|Treefam",5
"EXOSC5",56915,"ENSG00000077348",13616,"EXOSC5",100019273,"ENSMODG00000008642","EggNOG|Ensembl|Inparanoid|NCBI|OMA|OrthoDB|Panther|PhylomeDB|Treefam",9
"EXOSC7",23016,"ENSG00000075914",13616,"EXOSC7",100618055,"ENSMODG00000011261","EggNOG|Ensembl|Inparanoid|NCBI|OMA|OrthoDB|Panther|PhylomeDB|Treefam",9
"FABP5",2171,"ENSG00000164687",13616,"FABP5",100026843,"ENSMODG00000006544","EggNOG|Ensembl|Inparanoid|NCBI|OMA|Panther|Treefam",7
"FAM136A",84908,"ENSG00000035141",13616,"FAM136A",100032799,"ENSMODG00000011533","EggNOG|Ensembl|NCBI|Panther|PhylomeDB|Treefam",6
"FAM237B",107986818,"ENSG00000283267",13616,"FAM237B",NA,"ENSMODG00000024066","Ensembl|OMA|Panther",3
"FAM3A",60343,"ENSG00000071889",13616,"FAM3A",100022677,"ENSMODG00000009016","EggNOG|Ensembl|Inparanoid|NCBI|OMA|OrthoDB|Panther|Treefam",8
"FAM53A",152877,"ENSG00000174137",13616,"FAM53A",100024377,"ENSMODG00000004313","EggNOG|Ensembl|Inparanoid|NCBI|OMA|OrthoDB|Panther|PhylomeDB|Treefam",9
"FBXL5",26234,"ENSG00000118564",13616,"FBXL5",100012405,"ENSMODG00000001064","EggNOG|Ensembl|Inparanoid|NCBI|OMA|OrthoDB|Panther|Treefam",8
"FCGRT",2217,"ENSG00000104870",13616,"FCGRT",100030352,"ENSMODG00000013649","EggNOG|Ensembl|NCBI|OMA|Panther|Treefam",6
"FEZ1",9638,"ENSG00000149557",13616,"FEZ1",100016056,"ENSMODG00000004051","EggNOG|Ensembl|Inparanoid|NCBI|OMA|Panther|PhylomeDB|Treefam",8
"FGF16",8823,"ENSG00000196468",13616,"FGF16",100012499,"ENSMODG00000003900","EggNOG|Ensembl|Inparanoid|NCBI|OMA|Panther|PhylomeDB|Treefam",8
"FGF3",2248,"ENSG00000186895",13616,"FGF3",100021692,"ENSMODG00000004114","EggNOG|Ensembl|Inparanoid|NCBI|OMA|OrthoDB|Panther|Treefam",8
"FGFR1",2260,"ENSG00000077782",13616,"FGFR1",100029852,"ENSMODG00000010647","Ensembl|Inparanoid|NCBI|Panther",4
"FKBP3",2287,"ENSG00000100442",13616,"FKBP3",100020456,"ENSMODG00000007352","EggNOG|Ensembl|Inparanoid|NCBI|OrthoDB|Panther|PhylomeDB|Treefam",8
"FKBP4",2288,"ENSG00000004478",13616,"FKBP4",100016812,"ENSMODG00000018354","EggNOG|Ensembl|Inparanoid|NCBI|OMA|OrthoDB|Panther|PhylomeDB",8
"FLOT1",10211,"ENSG00000137312",13616,"FLOT1",100024339,"ENSMODG00000015865","EggNOG|Ensembl|Inparanoid|NCBI|OMA|Panther|Treefam",7
"FOXH1",8928,"ENSG00000160973",13616,"FOXH1",NA,"ENSMODG00000010944","EggNOG|Ensembl|Inparanoid|OMA|Panther|Treefam",6
"FSD1",79187,"ENSG00000105255",13616,"FSD1",100022820,"ENSMODG00000000881","EggNOG|Ensembl|Inparanoid|NCBI|OMA|OrthoDB|Panther|PhylomeDB|Treefam",9
"FST",10468,"ENSG00000134363",13616,"FST",100016406,"ENSMODG00000019463","EggNOG|Ensembl|Inparanoid|NCBI|OMA|OrthoDB|Panther|Treefam",8
"FTL",2512,"ENSG00000087086",13616,NA,NA,"ENSMODG00000013730","Ensembl|OMA|Panther|Treefam",4
"FUS",2521,"ENSG00000089280",13616,"FUS",100013799,"ENSMODG00000001889","EggNOG|Ensembl|Inparanoid|NCBI|OMA|OrthoDB|Panther|PhylomeDB|Treefam",9
"FXR1",8087,"ENSG00000114416",13616,"FXR1",100014231,"ENSMODG00000021294","EggNOG|Ensembl|Inparanoid|NCBI|OMA|Panther|Treefam",7
"G3BP1",10146,"ENSG00000145907",13616,"G3BP1",100024795,"ENSMODG00000008993","Ensembl|NCBI|Panther|Treefam",4
"GALK1",2584,"ENSG00000108479",13616,"GALK1",100027229,"ENSMODG00000007636","EggNOG|Ensembl|Inparanoid|NCBI|OMA|OrthoDB|Panther|Treefam",8
"GAP43",2596,"ENSG00000172020",13616,"GAP43",100015043,"ENSMODG00000018184","EggNOG|Ensembl|Inparanoid|NCBI|OMA|OrthoDB|Panther|Treefam",8
"GAPDH",2597,"ENSG00000111640",13616,NA,NA,"ENSMODG00000018066","Ensembl|OMA|Panther",3
"GBA",2629,"ENSG00000177628",13616,"GBA",100022104,"ENSMODG00000017085","EggNOG|Ensembl|Inparanoid|NCBI|OMA|OrthoDB|Panther|Treefam",8
"GDA",9615,"ENSG00000119125",13616,"GDA",100014959,"ENSMODG00000002641","EggNOG|Ensembl|Inparanoid|NCBI|OMA|OrthoDB|Panther|Treefam",8
"GDPD1",284161,"ENSG00000153982",13616,"GDPD1",100010570,"ENSMODG00000014598","EggNOG|Ensembl|Inparanoid|NCBI|OMA|OrthoDB|Panther|Treefam",8
"GGCT",79017,"ENSG00000006625",13616,NA,NA,"ENSMODG00000015273","EggNOG|Ensembl|OMA|Panther|Treefam",5
"GINS2",51659,"ENSG00000131153",13616,"GINS2",100017972,"ENSMODG00000004604","EggNOG|Ensembl|Inparanoid|NCBI|OrthoDB|Panther|PhylomeDB|Treefam",8
"GLA",2717,"ENSG00000102393",13616,"GLA",100022779,"ENSMODG00000011590","Ensembl|Inparanoid|NCBI|OMA|OrthoDB|Panther|PhylomeDB|Treefam",8
"GLS",2744,"ENSG00000115419",13616,"GLS",100021586,"ENSMODG00000011664","EggNOG|Ensembl|Inparanoid|NCBI|OMA|Treefam",6
"GLUD1",2746,"ENSG00000148672",13616,"GLUD1",100020220,"ENSMODG00000002756","Ensembl|NCBI|Panther|Treefam",4
"GLUL",2752,"ENSG00000135821",13616,"GLUL",100017907,"ENSMODG00000006787","EggNOG|Ensembl|Inparanoid|NCBI|OMA|OrthoDB|Panther|PhylomeDB|Treefam",9
"GNG12",55970,"ENSG00000172380",13616,"GNG12",100016914,"ENSMODG00000000771","EggNOG|Ensembl|Inparanoid|NCBI|OMA|OrthoDB|PhylomeDB|Treefam",8
"GNG3",2785,"ENSG00000162188",13616,"GNG3",100010452,"ENSMODG00000007929","EggNOG|Ensembl|Inparanoid|NCBI|OMA|OrthoDB|Panther|PhylomeDB|Treefam",9
"GNPDA2",132789,"ENSG00000163281",13616,"GNPDA2",100014957,"ENSMODG00000020593","Ensembl|Inparanoid|NCBI|OMA|OrthoDB|PhylomeDB|Treefam",7
"GPI",2821,"ENSG00000105220",13616,"GPI",100011318,"ENSMODG00000011980","EggNOG|Ensembl|NCBI|OrthoDB|Panther|PhylomeDB|Treefam",7
"GPS1",2873,"ENSG00000169727",13616,"GPS1",100025216,"ENSMODG00000003331","EggNOG|Ensembl|Inparanoid|NCBI|OMA|OrthoDB|Panther",7
"GPX1",2876,"ENSG00000233276",13616,"GPX1",NA,"ENSMODG00000012984","EggNOG|Ensembl|Inparanoid|OMA|Panther|Treefam",6
"GRN",2896,"ENSG00000030582",13616,"GRN",100023282,"ENSMODG00000011543","EggNOG|Ensembl|Inparanoid|NCBI|OMA|OrthoDB|Panther|Treefam",8
"GUCY1B1",2983,"ENSG00000061918",13616,"GUCY1B1",100024008,"ENSMODG00000001630","EggNOG|Ensembl|NCBI|OMA|OrthoDB|Panther|Treefam",7
"H2AZ1",3015,"ENSG00000164032",13616,"LOC100012785",100012785,"ENSMODG00000020686","Ensembl|NCBI|OMA|OrthoDB|Panther|Treefam",6
"HACD3",51495,"ENSG00000074696",13616,"HACD3",NA,"ENSMODG00000009893","EggNOG|Ensembl|Panther|Treefam",4
"HADHA",3030,"ENSG00000084754",13616,"HADHA",100030776,"ENSMODG00000015815","EggNOG|Ensembl|Inparanoid|NCBI|OrthoDB|Panther|PhylomeDB|Treefam",8
"HAT1",8520,"ENSG00000128708",13616,"HAT1",100025069,"ENSMODG00000008870","EggNOG|Ensembl|Inparanoid|NCBI|OMA|OrthoDB|Panther|Treefam",8
"HAUS7",55559,"ENSG00000213397",13616,NA,NA,"ENSMODG00000007539","Ensembl|OMA|Panther",3
"HAX1",10456,"ENSG00000143575",13616,"HAX1",100015562,"ENSMODG00000017215","EggNOG|Ensembl|Inparanoid|NCBI|OMA|OrthoDB|Panther|Treefam",8
"HDAC1",3065,"ENSG00000116478",13616,"HDAC1",100032301,"ENSMODG00000017455","Ensembl|NCBI|OMA|Panther|Treefam",5
"HDAC3",8841,"ENSG00000171720",13616,"HDAC3",100022921,"ENSMODG00000010634","EggNOG|Ensembl|Inparanoid|NCBI|Panther|Treefam",6
"HIF1A",3091,"ENSG00000100644",13616,"HIF1A",100027212,"ENSMODG00000008760","EggNOG|Ensembl|Inparanoid|NCBI|Panther|Treefam",6
"HINT2",84681,"ENSG00000137133",13616,"HINT2",100027996,"ENSMODG00000006947","EggNOG|Ensembl|Inparanoid|NCBI|OMA|Panther|Treefam",7
"HMGA1",3159,"ENSG00000137309",13616,"HMGA1",103105457,"ENSMODG00000013940","EggNOG|Inparanoid|NCBI|OMA|Panther|Treefam",6
"HMGB1",3146,"ENSG00000189403",13616,"HMGB1",100020248,"ENSMODG00000009238","EggNOG|Ensembl|NCBI|OMA|Panther|Treefam",6
"HMGN2",3151,"ENSG00000198830",13616,NA,NA,"ENSMODG00000024476","EggNOG|OMA|Panther",3
"HMGN3",9324,"ENSG00000118418",13616,"HMGN3",100619579,"ENSMODG00000018428","Ensembl|Inparanoid|NCBI|OMA|OrthoDB|Panther|PhylomeDB",7
"HMOX1",3162,"ENSG00000100292",13616,"HMOX1",100024355,"ENSMODG00000001163","Ensembl|NCBI|OMA|OrthoDB|Panther|PhylomeDB|Treefam",7
"HNRNPA2B1",3181,"ENSG00000122566",13616,"HNRNPA2B1",100013908,"ENSMODG00000000603","EggNOG|Ensembl|Inparanoid|NCBI|OMA|Panther|Treefam",7
"HNRNPAB",3182,"ENSG00000197451",13616,"HNRNPAB",100032003,"ENSMODG00000004217","EggNOG|Ensembl|Inparanoid|NCBI|Panther|Treefam",6
"HNRNPC",3183,"ENSG00000092199",13616,"HNRNPC",100023296,"ENSMODG00000006606","Ensembl|NCBI|OrthoDB|Panther",4
"HNRNPCL1",343069,"ENSG00000179172",13616,"HNRNPC",100023296,"ENSMODG00000006606","Ensembl|OrthoDB|Panther|Treefam",4
"HNRNPH3",3189,"ENSG00000096746",13616,"HNRNPH3",100015075,"ENSMODG00000017283","EggNOG|Ensembl|Inparanoid|NCBI|OrthoDB|Panther|Treefam",7
"HNRNPK",3190,"ENSG00000165119",13616,"HNRNPK",100021558,"ENSMODG00000008402","Ensembl|NCBI|OMA|Treefam",4
"HNRNPM",4670,"ENSG00000099783",13616,"HNRNPM",100017511,"ENSMODG00000003801","EggNOG|Ensembl|NCBI|OMA|Panther|Treefam",6
"HNRNPR",10236,"ENSG00000125944",13616,"HNRNPR",100022781,"ENSMODG00000016144","EggNOG|Ensembl|Inparanoid|NCBI|OMA|Panther|Treefam",7
"HNRNPU",3192,"ENSG00000153187",13616,"HNRNPU",100027004,"ENSMODG00000006515","EggNOG|Ensembl|Inparanoid|NCBI|OMA|Panther|Treefam",7
"HPRT1",3251,"ENSG00000165704",13616,NA,NA,"ENSMODG00000015247","Ensembl|Panther|PhylomeDB",3
"HSD17B8",7923,"ENSG00000204228",13616,"HSD17B8",100025234,"ENSMODG00000014232","EggNOG|Ensembl|Inparanoid|NCBI|OMA|Panther|Treefam",7
"HSP90AB1",3326,"ENSG00000096384",13616,NA,NA,"ENSMODG00000018933","EggNOG|Ensembl|PhylomeDB",3
"HSP90B1",7184,"ENSG00000166598",13616,"HSP90B1",100014854,"ENSMODG00000002234","EggNOG|Ensembl|Inparanoid|NCBI|OMA|OrthoDB|Panther|Treefam",8
"HSPA8",3312,"ENSG00000109971",13616,"HSPA8",100030633,"ENSMODG00000012958","Ensembl|NCBI|OMA|OrthoDB|Panther|Treefam",6
"HSPD1",3329,"ENSG00000144381",13616,"HSPD1",100022262,"ENSMODG00000012289","Inparanoid|NCBI|OMA|Panther",4
"HSPE1",3336,"ENSG00000115541",13616,"HSPE1",NA,"ENSMODG00000012295","EggNOG|Ensembl|Inparanoid|OMA|Panther|PhylomeDB|Treefam",7
"ID1",3397,"ENSG00000125968",13616,"ID1",100010733,"ENSMODG00000019496","EggNOG|Ensembl|Inparanoid|NCBI|OrthoDB|Panther|PhylomeDB|Treefam",8
"IDH3A",3419,"ENSG00000166411",13616,"IDH3A",100012825,"ENSMODG00000011642","EggNOG|Ensembl|Inparanoid|NCBI|OrthoDB|Panther|PhylomeDB|Treefam",8
"IFI35",3430,"ENSG00000068079",13616,"IFI35",100011080,"ENSMODG00000015132","EggNOG|Ensembl|Inparanoid|NCBI|OMA|Panther|PhylomeDB|Treefam",8
"IFI6",2537,"ENSG00000126709",13616,"IFI6",100019717,"ENSMODG00000010660","EggNOG|Ensembl|Inparanoid|NCBI|OMA|OrthoDB|Treefam",7
"IFRD1",3475,"ENSG00000006652",13616,"IFRD1",100011153,"ENSMODG00000015916","EggNOG|Ensembl|Inparanoid|NCBI|OMA|OrthoDB|Panther|Treefam",8
"IGFBP2",3485,"ENSG00000115457",13616,"IGFBP2",100012032,"ENSMODG00000015540","EggNOG|Ensembl|Inparanoid|NCBI|OMA|OrthoDB|Panther|Treefam",8
"IGFBP3",3486,"ENSG00000146674",13616,"IGFBP3",100618843,"ENSMODG00000009522","EggNOG|Ensembl|Inparanoid|NCBI|OMA|OrthoDB|Panther|Treefam",8
"IGFBP4",3487,"ENSG00000141753",13616,"IGFBP4",100015228,"ENSMODG00000013161","EggNOG|Ensembl|Inparanoid|NCBI|OMA|OrthoDB|Panther|PhylomeDB|Treefam",9
"ILDR1",286676,"ENSG00000145103",13616,"ILDR1",100018170,"ENSMODG00000018288","EggNOG|Ensembl|Inparanoid|NCBI|OMA|OrthoDB|Panther|Treefam",8
"ILF2",3608,"ENSG00000143621",13616,"ILF2",100019710,"ENSMODG00000017376","EggNOG|Ensembl|Inparanoid|NCBI|OMA|Panther|Treefam",7
"IMPA1",3612,"ENSG00000133731",13616,"IMPA1",100019291,"ENSMODG00000006271","Inparanoid|NCBI|OMA|OrthoDB",4
"INTS11",54973,"ENSG00000127054",13616,"INTS11",100011033,"ENSMODG00000006290","EggNOG|Ensembl|NCBI|OMA|OrthoDB|Panther|PhylomeDB|Treefam",8
"IRF1",3659,"ENSG00000125347",13616,"IRF1",100018712,"ENSMODG00000013963","EggNOG|Ensembl|Inparanoid|NCBI|OrthoDB|Panther|Treefam",7
"ISOC1",51015,"ENSG00000066583",13616,"ISOC1",100015810,"ENSMODG00000015640","EggNOG|Ensembl|Inparanoid|NCBI|OMA|OrthoDB|Panther|Treefam",8
"ITGB1",3688,"ENSG00000150093",13616,"ITGB1",100018342,"ENSMODG00000007536","EggNOG|Ensembl|Inparanoid|NCBI|OMA|OrthoDB|Panther|PhylomeDB|Treefam",9
"ITM2A",9452,"ENSG00000078596",13616,"ITM2A",NA,"ENSMODG00000004233","EggNOG|Ensembl|Inparanoid|OMA|Panther|Treefam",6
"ITPA",3704,"ENSG00000125877",13616,"ITPA",100026846,"ENSMODG00000005474","EggNOG|Ensembl|Inparanoid|NCBI|OMA|OrthoDB|Panther|PhylomeDB|Treefam",9
"JMJD6",23210,"ENSG00000070495",13616,"JMJD6",NA,"ENSMODG00000001566","EggNOG|Ensembl|Inparanoid|OMA|Panther|Treefam",6
"JOSD1",9929,"ENSG00000100221",13616,"JOSD1",100010912,"ENSMODG00000009627","EggNOG|Ensembl|Inparanoid|NCBI|OMA|OrthoDB|Panther|PhylomeDB|Treefam",9
"KCTD1",284252,"ENSG00000134504",13616,"KCTD1",100010674,"ENSMODG00000021513","EggNOG|Ensembl|NCBI|OrthoDB|Panther|Treefam",6
"KDM5B",10765,"ENSG00000117139",13616,"KDM5B",100011885,"ENSMODG00000000755","EggNOG|Ensembl|Inparanoid|NCBI|OMA|OrthoDB|Panther|Treefam",8
"KIFC2",90990,"ENSG00000167702",13616,"KIFC2",100019241,"ENSMODG00000010941","EggNOG|Ensembl|Inparanoid|NCBI|OMA|OrthoDB|Panther|Treefam",8
"KLK14",43847,"ENSG00000129437",13616,"KLK14",100028200,"ENSMODG00000020815","Ensembl|Inparanoid|NCBI|OMA|OrthoDB|Panther",6
"LDAF1",57146,"ENSG00000011638",13616,"LDAF1",100026512,"ENSMODG00000007207","EggNOG|Ensembl|NCBI|OMA|Panther|PhylomeDB|Treefam",7
"LDB1",8861,"ENSG00000198728",13616,"LDB1",100023228,"ENSMODG00000011500","EggNOG|Ensembl|Inparanoid|NCBI|Panther|PhylomeDB|Treefam",7
"LDHA",3939,"ENSG00000134333",13616,"LDHA",503513,"ENSMODG00000006522","Ensembl|NCBI|OMA|Panther|Treefam",5
"LDHA",3939,"ENSG00000134333",13616,"LOC100012604",100012604,"ENSMODG00000019596","Ensembl|OrthoDB|Panther|PhylomeDB|Treefam",5
"LEFTY1",10637,"ENSG00000243709",13616,"LOC100025872",100025872,"ENSMODG00000005964","Ensembl|Inparanoid|OMA|OrthoDB|Panther|PhylomeDB|Treefam",7
"LEFTY2",7044,"ENSG00000143768",13616,"LOC100025872",100025872,"ENSMODG00000005964","EggNOG|Ensembl|OMA|OrthoDB|Panther|PhylomeDB|Treefam",7
"LGALS1",3956,"ENSG00000100097",13616,"LGALS1",100025748,"ENSMODG00000000457","EggNOG|Ensembl|Inparanoid|NCBI|OMA|OrthoDB|Panther|PhylomeDB|Treefam",9
"LGALSL",29094,"ENSG00000119862",13616,"LGALSL",100031854,"ENSMODG00000003226","NCBI|OrthoDB|Panther|PhylomeDB|Treefam",5
"LIMD2",80774,"ENSG00000136490",13616,"LIMD2",100021617,"ENSMODG00000009945","Ensembl|Inparanoid|NCBI|OMA|OrthoDB|PhylomeDB",6
"LIN28A",79727,"ENSG00000131914",13616,"LIN28A",100012320,"ENSMODG00000014236","EggNOG|Ensembl|Inparanoid|NCBI|OMA|OrthoDB|Panther|PhylomeDB|Treefam",9
"LIN28B",389421,"ENSG00000187772",13616,"LIN28B",100028142,"ENSMODG00000018035","EggNOG|Ensembl|Inparanoid|NCBI|OMA|OrthoDB|Panther|Treefam",8
"LPAR2",9170,"ENSG00000064547",13616,"LPAR2",100014105,"ENSMODG00000004466","EggNOG|Ensembl|Inparanoid|NCBI|OMA|Panther|PhylomeDB|Treefam",8
"LPCAT3",10162,"ENSG00000111684",13616,"LPCAT3",100016730,"ENSMODG00000018163","EggNOG|Ensembl|Inparanoid|NCBI|OMA|Panther|Treefam",7
"LPCAT4",254531,"ENSG00000176454",13616,"LPCAT4",100031531,"ENSMODG00000001770","EggNOG|Ensembl|Inparanoid|NCBI|OrthoDB|Panther|Treefam",7
"LRPAP1",4043,"ENSG00000163956",13616,"LRPAP1",100020963,"ENSMODG00000003461","Ensembl|Inparanoid|NCBI|OMA|OrthoDB|Panther|PhylomeDB",7
"LRRC47",57470,"ENSG00000130764",13616,"LRRC47",100025954,"ENSMODG00000006554","EggNOG|Ensembl|Inparanoid|NCBI|OMA|Panther|Treefam",7
"LSM2",57819,"ENSG00000204392",13616,"LSM2",100025239,"ENSMODG00000015177","EggNOG|Ensembl|Inparanoid|NCBI|OMA|Panther|PhylomeDB|Treefam",8
"LSM3",27258,"ENSG00000170860",13616,"LSM3",100016218,"ENSMODG00000007275","Ensembl|Inparanoid|NCBI|OMA|OrthoDB|Panther",6
"LSM8",51691,"ENSG00000128534",13616,"LSM8",NA,"ENSMODG00000015729","EggNOG|Ensembl|OMA|Panther|Treefam",5
"LTO1",220064,"ENSG00000149716",13616,"LTO1",NA,"ENSMODG00000004085","Ensembl|OMA|Treefam",3
"LYPLA2",11313,"ENSG00000011009",13616,"LYPLA2",100009969,"ENSMODG00000012872","EggNOG|Ensembl|Inparanoid|NCBI|OMA|Panther|Treefam",7
"LYSMD2",256586,"ENSG00000140280",13616,"LYSMD2",100026280,"ENSMODG00000002007","EggNOG|Ensembl|Inparanoid|NCBI|OrthoDB|Panther|Treefam",7
"M1AP",130951,"ENSG00000159374",13616,"M1AP",100025833,"ENSMODG00000004692","EggNOG|Ensembl|NCBI|OMA|OrthoDB|Panther|Treefam",7
"MAGEB1",4112,"ENSG00000214107",13616,"LOC103095671",103095671,"ENSMODG00000011382","Ensembl|Panther|Treefam",3
"MAGEB17",645864,"ENSG00000182798",13616,"LOC103095671",103095671,"ENSMODG00000011382","Ensembl|Panther|Treefam",3
"MAGEB2",4113,"ENSG00000099399",13616,"LOC103095671",103095671,"ENSMODG00000011382","Ensembl|Panther|Treefam",3
"MAGEB4",4115,"ENSG00000120289",13616,"LOC103095671",103095671,"ENSMODG00000011382","Ensembl|Panther|Treefam",3
"MAGEB6",158809,"ENSG00000176746",13616,"LOC103095671",103095671,"ENSMODG00000011382","Ensembl|Panther|Treefam",3
"MAGEE1",57692,"ENSG00000198934",13616,"LOC103095671",103095671,"ENSMODG00000011382","Ensembl|Panther|Treefam",3
"MAGEE2",139599,"ENSG00000186675",13616,"LOC103095671",103095671,"ENSMODG00000011382","Ensembl|Panther|Treefam",3
"MAGEF1",64110,"ENSG00000177383",13616,"LOC103095671",103095671,"ENSMODG00000011382","Ensembl|Panther|Treefam",3
"MAGEH1",28986,"ENSG00000187601",13616,"LOC103095671",103095671,"ENSMODG00000011382","Ensembl|Panther|Treefam",3
"MCM3",4172,"ENSG00000112118",13616,"MCM3",100013668,"ENSMODG00000018822","EggNOG|Ensembl|Inparanoid|NCBI|OMA|OrthoDB|Panther|Treefam",8
"MCM4",4173,"ENSG00000104738",13616,"MCM4",100030676,"ENSMODG00000010213","EggNOG|Ensembl|Inparanoid|NCBI|OMA|OrthoDB|Panther|PhylomeDB",8
"MCM5",4174,"ENSG00000100297",13616,"MCM5",100016494,"ENSMODG00000001152","EggNOG|Ensembl|Inparanoid|NCBI|OMA|Panther|Treefam",7
"MCM6",4175,"ENSG00000076003",13616,"MCM6",100012357,"ENSMODG00000000989","EggNOG|Ensembl|Inparanoid|NCBI|OMA|OrthoDB|Panther|PhylomeDB|Treefam",9
"MCM7",4176,"ENSG00000166508",13616,"MCM7",100018145,"ENSMODG00000004229","EggNOG|Ensembl|Inparanoid|NCBI|OMA|Panther|Treefam",7
"MCMBP",79892,"ENSG00000197771",13616,"MCMBP",100020120,"ENSMODG00000008714","EggNOG|Ensembl|Inparanoid|NCBI|OrthoDB|Panther|Treefam",7
"MCOLN3",55283,"ENSG00000055732",13616,"MCOLN3",100012247,"ENSMODG00000000378","EggNOG|Ensembl|Inparanoid|NCBI|OMA|Panther|PhylomeDB|Treefam",8
"MDP1",145553,"ENSG00000213920",13616,"MDP1",100025249,"ENSMODG00000025735","NCBI|Panther|Treefam",3
"ME1",4199,"ENSG00000065833",13616,"ME1",100024530,"ENSMODG00000018382","EggNOG|Ensembl|NCBI|OMA|OrthoDB|Panther|Treefam",7
"MEA1",4201,"ENSG00000124733",13616,"MEA1",100010798,"ENSMODG00000019002","EggNOG|Ensembl|Inparanoid|NCBI|OMA|OrthoDB|Panther|Treefam",8
"MED17",9440,"ENSG00000042429",13616,"MED17",100014476,"ENSMODG00000000383","EggNOG|Ensembl|Inparanoid|NCBI|OMA|Panther|Treefam",7
"MED29",55588,"ENSG00000063322",13616,"MED29",100014329,"ENSMODG00000013490","EggNOG|Ensembl|Inparanoid|NCBI|OMA|Panther|PhylomeDB|Treefam",8
"METRN",79006,"ENSG00000103260",13616,"METRN",100020993,"ENSMODG00000016760","EggNOG|Ensembl|Inparanoid|NCBI|OMA|OrthoDB|Panther|Treefam",8
"METTL5",29081,"ENSG00000138382",13616,"METTL5",100024458,"ENSMODG00000008236","EggNOG|Ensembl|Inparanoid|NCBI|OMA|OrthoDB|Panther|Treefam",8
"MFSD10",10227,"ENSG00000109736",13616,"MFSD10",100021484,"ENSMODG00000003757","EggNOG|Ensembl|Inparanoid|NCBI|OMA|OrthoDB|Panther|Treefam",8
"MID1IP1",58526,"ENSG00000165175",13616,"MID1IP1",100017653,"ENSMODG00000025295","EggNOG|Ensembl|Inparanoid|NCBI|OMA|OrthoDB|Panther|Treefam",8
"MMP25",64386,"ENSG00000008516",13616,"MMP25",100017639,"ENSMODG00000016466","EggNOG|Ensembl|Inparanoid|NCBI|OMA|Panther|Treefam",7
"MMP8",4317,"ENSG00000118113",13616,"MMP8",100012425,"ENSMODG00000000692","EggNOG|Ensembl|Inparanoid|NCBI|OMA|OrthoDB|PhylomeDB|Treefam",8
"MORF4L1",10933,"ENSG00000185787",13616,"MORF4L1",100013035,"ENSMODG00000011517","Ensembl|NCBI|OrthoDB|Panther|PhylomeDB|Treefam",6
"MORF4L2",9643,"ENSG00000123562",13616,NA,NA,"ENSMODG00000017480","Ensembl|Panther|Treefam",3
"MOV10",4343,"ENSG00000155363",13616,"MOV10",100033144,"ENSMODG00000001008","EggNOG|Ensembl|Inparanoid|NCBI|OMA|OrthoDB|Panther|Treefam",8
"MPST",4357,"ENSG00000128309",13616,"MPST",100025247,"ENSMODG00000000716","EggNOG|Ensembl|Inparanoid|NCBI|OMA|OrthoDB|Panther|PhylomeDB",8
"MRPL4",51073,"ENSG00000105364",13616,"MRPL4",100013317,"ENSMODG00000005476","EggNOG|Ensembl|Inparanoid|NCBI|OMA|OrthoDB|Panther|Treefam",8
"MSH2",4436,"ENSG00000095002",13616,"MSH2",100033358,"ENSMODG00000001098","Ensembl|Inparanoid|NCBI|OrthoDB|Panther|Treefam",6
"MSH6",2956,"ENSG00000116062",13616,"MSH6",100033356,"ENSMODG00000001129","EggNOG|Ensembl|Inparanoid|NCBI|Panther|Treefam",6
"MTA2",9219,"ENSG00000149480",13616,"MTA2",100012010,"ENSMODG00000007730","Inparanoid|NCBI|OMA|OrthoDB",4
"MTA3",57504,"ENSG00000057935",13616,"MTA3",NA,"ENSMODG00000000376","EggNOG|Ensembl|Inparanoid|Panther|Treefam",5
"MTHFD2",10797,"ENSG00000065911",13616,NA,NA,"ENSMODG00000010468","EggNOG|Panther|PhylomeDB|Treefam",4
"MYH10",4628,"ENSG00000133026",13616,"MYH10",100012731,"ENSMODG00000008180","EggNOG|Ensembl|Inparanoid|NCBI|OMA|Panther|Treefam",7
"NAE1",8883,"ENSG00000159593",13616,"NAE1",100019101,"ENSMODG00000006838","EggNOG|Ensembl|Inparanoid|NCBI|Panther|Treefam",6
"NANOG",79923,"ENSG00000111704",13616,"NANOG",100013584,"ENSMODG00000017979","EggNOG|Ensembl|NCBI|OMA|Panther|Treefam",6
"NANOS3",342977,"ENSG00000187556",13616,NA,NA,"ENSMODG00000023964","EggNOG|Ensembl|OMA|Panther|Treefam",5
"NCL",4691,"ENSG00000115053",13616,"NCL",100020734,"ENSMODG00000002470","EggNOG|Inparanoid|NCBI|OMA|Treefam",5
"NDUFAB1",4706,"ENSG00000004779",13616,"NDUFAB1",100015047,"ENSMODG00000016352","EggNOG|Ensembl|Inparanoid|NCBI|OMA|OrthoDB|Panther|PhylomeDB|Treefam",9
"NDUFAF2",91942,"ENSG00000164182",13616,"NDUFAF2",NA,"ENSMODG00000019586","EggNOG|Ensembl|Inparanoid|OMA|Panther|Treefam",6
"NEDD8",4738,"ENSG00000129559",13616,"NEDD8",103101483,"ENSMODG00000003254","EggNOG|Ensembl|Inparanoid|NCBI|Panther|PhylomeDB|Treefam",7
"NEDD8-MDP1",100528064,"ENSG00000255526",13616,"MDP1",100025249,"ENSMODG00000025735","EggNOG|OrthoDB|Treefam",3
"NMI",9111,"ENSG00000123609",13616,"NMI",100019843,"ENSMODG00000003594","EggNOG|Ensembl|Inparanoid|NCBI|OMA|Panther|PhylomeDB|Treefam",8
"NMNAT3",349565,"ENSG00000163864",13616,"NMNAT3",100024807,"ENSMODG00000018604","EggNOG|Ensembl|Inparanoid|NCBI|OMA|OrthoDB|Panther",7
"NMRAL1",57407,"ENSG00000153406",13616,"NMRAL1",100015130,"ENSMODG00000016355","EggNOG|Ensembl|Inparanoid|NCBI|OMA|Panther|Treefam",7
"NOC4L",79050,"ENSG00000184967",13616,"NOC4L",100028315,"ENSMODG00000015342","EggNOG|Ensembl|Inparanoid|NCBI|OMA|Panther|Treefam",7
"NONO",4841,"ENSG00000147140",13616,"NONO",100011224,"ENSMODG00000004445","EggNOG|Ensembl|Inparanoid|NCBI|OMA|Panther|Treefam",7
"NOP9",161424,"ENSG00000196943",13616,"NOP9",100030845,"ENSMODG00000003072","EggNOG|Ensembl|Inparanoid|NCBI|OrthoDB|Panther|PhylomeDB|Treefam",8
"NSFL1C",55968,"ENSG00000088833",13616,"NSFL1C",100013261,"ENSMODG00000019559","EggNOG|Ensembl|Inparanoid|NCBI|OrthoDB|Panther|PhylomeDB|Treefam",8
"NT5DC3",51559,"ENSG00000111696",13616,"NT5DC3",100021665,"ENSMODG00000002283","EggNOG|Ensembl|NCBI|OMA|OrthoDB|Panther|PhylomeDB|Treefam",8
"NUB1",51667,"ENSG00000013374",13616,"NUB1",100015667,"ENSMODG00000004476","EggNOG|Ensembl|Inparanoid|NCBI|OMA|OrthoDB|Panther",7
"NUDT5",11164,"ENSG00000165609",13616,"NUDT5",NA,"ENSMODG00000016824","EggNOG|Ensembl|Inparanoid|OMA|Panther|Treefam",6
"NUP93",9688,"ENSG00000102900",13616,"NUP93",100015626,"ENSMODG00000013408","EggNOG|Ensembl|Inparanoid|NCBI|OrthoDB|Panther|Treefam",7
"NUTF2",10204,"ENSG00000102898",13616,"NUTF2",100016519,"ENSMODG00000005517","Ensembl|NCBI|OrthoDB|Panther|PhylomeDB|Treefam",6
"OAT",4942,"ENSG00000065154",13616,"OAT",100012349,"ENSMODG00000016579","EggNOG|Ensembl|Inparanoid|NCBI|OrthoDB|Panther|Treefam",7
"OGA",10724,"ENSG00000198408",13616,"OGA",100023348,"ENSMODG00000011681","EggNOG|Ensembl|NCBI|OrthoDB|Panther|Treefam",6
"ORC4",5000,"ENSG00000115947",13616,"ORC4",100013255,"ENSMODG00000003327","EggNOG|Ensembl|Inparanoid|NCBI|OMA|OrthoDB|Panther|Treefam",8
"OTULINL",54491,"ENSG00000145569",13616,"OTULINL",100020390,"ENSMODG00000002927","EggNOG|Ensembl|NCBI|OMA|OrthoDB|Panther|PhylomeDB|Treefam",8
"PAAF1",80227,"ENSG00000175575",13616,"PAAF1",100011802,"ENSMODG00000007569","EggNOG|Ensembl|Inparanoid|NCBI|OMA|Treefam",6
"PAF1",54623,"ENSG00000006712",13616,"PAF1",100011803,"ENSMODG00000013486","EggNOG|Ensembl|NCBI|OMA|Panther|Treefam",6
"PAIP2",51247,"ENSG00000120727",13616,"PAIP2",100020406,"ENSMODG00000011895","EggNOG|Ensembl|Inparanoid|NCBI|Panther|Treefam",6
"PAPOLA",10914,"ENSG00000090060",13616,"PAPOLA",100023813,"ENSMODG00000012887","EggNOG|Ensembl|NCBI|OrthoDB|Panther|PhylomeDB|Treefam",7
"PARL",55486,"ENSG00000175193",13616,"PARL",100027636,"ENSMODG00000013457","EggNOG|Ensembl|Inparanoid|NCBI|OMA|OrthoDB|Panther|Treefam",8
"PARP1",142,"ENSG00000143799",13616,"PARP1",100019495,"ENSMODG00000006076","EggNOG|Ensembl|Inparanoid|NCBI|OMA|OrthoDB|Panther|PhylomeDB|Treefam",9
"PAXX",286257,"ENSG00000148362",13616,"PAXX",103104510,"ENSMODG00000017300","Ensembl|NCBI|OrthoDB|Panther|PhylomeDB|Treefam",6
"PCBD1",5092,"ENSG00000166228",13616,"PCBD1",NA,"ENSMODG00000008769","Ensembl|Panther|PhylomeDB",3
"PCDH11X",27328,"ENSG00000102290",13616,"LOC100022865",100022865,"ENSMODG00000017473","EggNOG|Ensembl|OMA|Panther|Treefam",5
"PCNA",5111,"ENSG00000132646",13616,"PCNA",100029293,"ENSMODG00000011649","EggNOG|Ensembl|Inparanoid|NCBI|OrthoDB|Panther|PhylomeDB|Treefam",8
"PDIA3",2923,"ENSG00000167004",13616,"PDIA3",100011727,"ENSMODG00000017760","EggNOG|Ensembl|Inparanoid|NCBI|OrthoDB|Panther|PhylomeDB|Treefam",8
"PDLIM7",9260,"ENSG00000196923",13616,"PDLIM7",100031934,"ENSMODG00000004669","EggNOG|Ensembl|Inparanoid|NCBI|OrthoDB|Panther|Treefam",7
"PEA15",8682,"ENSG00000162734",13616,"PEA15",100023097,"ENSMODG00000009629","EggNOG|Ensembl|Inparanoid|NCBI|OMA|OrthoDB|Panther|PhylomeDB|Treefam",9
"PFKL",5211,"ENSG00000141959",13616,"PFKL",NA,"ENSMODG00000003119","EggNOG|Ensembl|Panther",3
"PFN1",5216,"ENSG00000108518",13616,"PFN1",100016522,"ENSMODG00000005299","EggNOG|Ensembl|Inparanoid|NCBI|OMA|OrthoDB|Panther|PhylomeDB|Treefam",9
"PFN2",5217,"ENSG00000070087",13616,"PFN2",100012072,"ENSMODG00000021269","EggNOG|Ensembl|Inparanoid|NCBI|OMA|OrthoDB|Panther|PhylomeDB|Treefam",9
"PGAM1",5223,"ENSG00000171314",13616,"PGAM1",100016520,"ENSMODG00000004242","Ensembl|NCBI|Panther|PhylomeDB|Treefam",5
"PGAM4",441531,"ENSG00000226784",13616,"PGAM1",100016520,"ENSMODG00000004242","EggNOG|Ensembl|Panther|PhylomeDB|Treefam",5
"PGAP6",58986,"ENSG00000129925",13616,"PGAP6",100019869,"ENSMODG00000016669","EggNOG|Ensembl|NCBI|OMA|Treefam",5
"PGK1",5230,"ENSG00000102144",13616,"PGK1",100012797,"ENSMODG00000004055","Ensembl|NCBI|OMA|OrthoDB|Panther|PhylomeDB|Treefam",7
"PGLS",25796,"ENSG00000130313",13616,"PGLS",100014397,"ENSMODG00000004396","EggNOG|Ensembl|Inparanoid|NCBI|OMA|OrthoDB|Panther|Treefam",8
"PGM2",55276,"ENSG00000169299",13616,"PGM2",100022672,"ENSMODG00000020527","EggNOG|Ensembl|NCBI|OMA|Panther|Treefam",6
"PHC1",1911,"ENSG00000111752",13616,"PHC1",100012285,"ENSMODG00000017995","EggNOG|Ensembl|Inparanoid|NCBI|OMA|OrthoDB|Panther|Treefam",8
"PHLDA3",23612,"ENSG00000174307",13616,"PHLDA3",100014177,"ENSMODG00000024846","EggNOG|Ensembl|Inparanoid|NCBI|OMA|OrthoDB|Panther|Treefam",8
"PHPT1",29085,"ENSG00000054148",13616,"PHPT1",100017116,"ENSMODG00000017338","EggNOG|Ensembl|Inparanoid|NCBI|OrthoDB|Panther|PhylomeDB|Treefam",8
"PIGF",5281,"ENSG00000151665",13616,"PIGF",100033363,"ENSMODG00000000968","EggNOG|Ensembl|Inparanoid|NCBI|OrthoDB|Panther|PhylomeDB|Treefam",8
"PIGT",51604,"ENSG00000124155",13616,"PIGT",100618767,"ENSMODG00000016178","EggNOG|Ensembl|Inparanoid|NCBI|Panther|Treefam",6
"PKM",5315,"ENSG00000067225",13616,"PKM",100017841,"ENSMODG00000001895","Ensembl|NCBI|Panther|Treefam",4
"PLAC8",51316,"ENSG00000145287",13616,"PLAC8",100026274,"ENSMODG00000019309","Ensembl|Inparanoid|NCBI|OMA|OrthoDB|Panther|PhylomeDB|Treefam",8
"PLIN2",123,"ENSG00000147872",13616,"PLIN2",100016609,"ENSMODG00000014661","EggNOG|Ensembl|Inparanoid|NCBI|OMA|OrthoDB|Panther|PhylomeDB|Treefam",9
"PLTP",5360,"ENSG00000100979",13616,"PLTP",100022100,"ENSMODG00000013711","EggNOG|Ensembl|Inparanoid|NCBI|Panther|Treefam",6
"PMF1",11243,"ENSG00000160783",13616,"PMF1",100022958,"ENSMODG00000016918","EggNOG|Ensembl|NCBI|OMA|Panther",5
"POLB",5423,"ENSG00000070501",13616,"POLB",100030148,"ENSMODG00000010196","EggNOG|Ensembl|Inparanoid|NCBI|OrthoDB|Panther|PhylomeDB|Treefam",8
"POLR1G",10849,"ENSG00000117877",13616,"POLR1G",103099977,"ENSMODG00000021547","NCBI|OMA|OrthoDB",3
"POLR2D",5433,"ENSG00000144231",13616,"POLR2D",100018533,"ENSMODG00000018653","Ensembl|NCBI|OMA|OrthoDB|Panther|Treefam",6
"POLR2H",5437,"ENSG00000163882",13616,"POLR2H",100013916,"ENSMODG00000002570","EggNOG|Ensembl|Inparanoid|NCBI|OMA|OrthoDB|Panther|PhylomeDB|Treefam",9
"POLR2I",5438,"ENSG00000105258",13616,"POLR2I",100014201,"ENSMODG00000014172","EggNOG|Ensembl|Inparanoid|NCBI|OMA|OrthoDB|Panther|PhylomeDB|Treefam",9
"POMGNT2",84892,"ENSG00000144647",13616,"POMGNT2",100025375,"ENSMODG00000015250","EggNOG|Ensembl|NCBI|OMA|Panther|Treefam",6
"POU5F1",5460,"ENSG00000204531",13616,"POU5F1",103096338,"ENSMODG00000015811","Ensembl|NCBI|PhylomeDB|Treefam",4
"PPA1",5464,"ENSG00000180817",13616,"PPA1",100619698,"ENSMODG00000012176","EggNOG|Ensembl|Inparanoid|NCBI|Panther|Treefam",6
"PPAN",56342,"ENSG00000130810",13616,"PPAN",100533482,"ENSMODG00000005158","Ensembl|Inparanoid|OMA|Panther|PhylomeDB",5
"PPAN-P2RY11",692312,"ENSG00000243207",13616,"PPAN",100533482,"ENSMODG00000005158","EggNOG|Ensembl|OrthoDB|PhylomeDB|Treefam",5
"PPIA",5478,"ENSG00000196262",13616,"PPIA",100030235,"ENSMODG00000016089","Ensembl|NCBI|OrthoDB|Panther",4
"PPIL1",51645,"ENSG00000137168",13616,"PPIL1",100026553,"ENSMODG00000013502","EggNOG|Ensembl|Inparanoid|NCBI|OMA|Panther|PhylomeDB|Treefam",8
"PRDM14",63978,"ENSG00000147596",13616,NA,NA,"ENSMODG00000007395","EggNOG|Ensembl|OMA|Treefam",4
"PRDX4",10549,"ENSG00000123131",13616,"PRDX4",100012181,"ENSMODG00000007799","EggNOG|Ensembl|Inparanoid|NCBI|OMA|OrthoDB|Panther|PhylomeDB|Treefam",9
"PRDX6",9588,"ENSG00000117592",13616,"PRDX6",100015705,"ENSMODG00000004032","EggNOG|Inparanoid|NCBI|OMA|OrthoDB|Panther|PhylomeDB|Treefam",8
"PRKAR1B",5575,"ENSG00000188191",13616,"PRKAR1B",NA,"ENSMODG00000008572","EggNOG|Ensembl|Inparanoid|OMA|Panther|PhylomeDB|Treefam",7
"PRKRA",8575,"ENSG00000180228",13616,"PRKRA",100026897,"ENSMODG00000009823","EggNOG|Ensembl|Inparanoid|NCBI|OMA|OrthoDB|Panther|PhylomeDB|Treefam",9
"PRMT5",10419,"ENSG00000100462",13616,"PRMT5",100024287,"ENSMODG00000005204","EggNOG|Ensembl|Inparanoid|NCBI|Panther|Treefam",6
"PRPSAP1",5635,"ENSG00000161542",13616,"PRPSAP1",100022165,"ENSMODG00000009171","EggNOG|Ensembl|Inparanoid|NCBI|OMA|OrthoDB|Panther|PhylomeDB|Treefam",9
"PRSS36",146547,"ENSG00000178226",13616,NA,NA,"ENSMODG00000001883","EggNOG|Ensembl|OMA|Panther|Treefam",5
"PSIP1",11168,"ENSG00000164985",13616,"PSIP1",100016299,"ENSMODG00000014943","EggNOG|Ensembl|Inparanoid|NCBI|OMA|Panther|Treefam",7
"PSMA7",5688,"ENSG00000101182",13616,"PSMA7",100026327,"ENSMODG00000016692","EggNOG|Ensembl|NCBI|Panther|Treefam",5
"PSMB10",5699,"ENSG00000205220",13616,"PSMB10",100021740,"ENSMODG00000005421","EggNOG|Ensembl|Inparanoid|NCBI|OrthoDB|Panther|Treefam",7
"PSMB8",5696,"ENSG00000204264",13616,"PSMB8",100026706,"ENSMODG00000014366","EggNOG|Ensembl|Inparanoid|NCBI|OMA|Panther|PhylomeDB|Treefam",8
"PSME2",5721,"ENSG00000100911",13616,"PSME2",100025113,"ENSMODG00000003472","EggNOG|Ensembl|Inparanoid|NCBI|Panther|Treefam",6
"PSME3IP1",80011,"ENSG00000172775",13616,"PSME3IP1",100015865,"ENSMODG00000013492","EggNOG|Ensembl|NCBI|Panther|Treefam",5
"PUF60",22827,"ENSG00000179950",13616,"PUF60",100017015,"ENSMODG00000009161","EggNOG|Ensembl|Inparanoid|NCBI|OMA|OrthoDB|Panther|Treefam",8
"PWWP2A",114825,"ENSG00000170234",13616,"PWWP2A",100030358,"ENSMODG00000008004","Ensembl|Inparanoid|NCBI|Panther|Treefam",5
"PXYLP1",92370,"ENSG00000155893",13616,"PXYLP1",100025719,"ENSMODG00000018625","EggNOG|Ensembl|NCBI|OMA|OrthoDB|Panther|Treefam",7
"PYCR1",5831,"ENSG00000183010",13616,"PYCR1",100025433,"ENSMODG00000003122","Inparanoid|NCBI|OrthoDB|Panther|PhylomeDB",5
"PYCR2",29920,"ENSG00000143811",13616,"PYCR2",100025847,"ENSMODG00000005956","Ensembl|NCBI|OMA|OrthoDB|Panther",5
"QARS1",5859,"ENSG00000172053",13616,"QARS1",100020835,"ENSMODG00000013321","EggNOG|Ensembl|NCBI|OMA|OrthoDB|Panther|Treefam",7
"QSOX1",5768,"ENSG00000116260",13616,"QSOX1",100022601,"ENSMODG00000006360","EggNOG|Ensembl|NCBI|OMA|Panther|Treefam",6
"RAB1B",81876,"ENSG00000174903",13616,"RAB1B",100015981,"ENSMODG00000008371","EggNOG|Ensembl|Inparanoid|NCBI|OMA|OrthoDB|Panther|Treefam",8
"RAC3",5881,"ENSG00000169750",13616,"RAC3",100029873,"ENSMODG00000003244","EggNOG|Ensembl|Inparanoid|NCBI|OMA|Panther|Treefam",7
"RAP1B",5908,"ENSG00000127314",13616,"RAP1B",100014092,"ENSMODG00000007323","Ensembl|Inparanoid|NCBI|OMA|OrthoDB|Panther|Treefam",7
"RBBP4",5928,"ENSG00000162521",13616,"RBBP4",100025905,"ENSMODG00000017415","Ensembl|Inparanoid|NCBI|OMA|OrthoDB|Panther",6
"RBBP7",5931,"ENSG00000102054",13616,"RBBP7",100016649,"ENSMODG00000017157","EggNOG|Ensembl|Inparanoid|NCBI|OMA|OrthoDB|Panther|Treefam",8
"RBM38",55544,"ENSG00000132819",13616,"RBM38",100022012,"ENSMODG00000016458","EggNOG|Ensembl|Inparanoid|NCBI|OrthoDB|Panther|Treefam",7
"RBP1",5947,"ENSG00000114115",13616,"RBP1",100017554,"ENSMODG00000018603","EggNOG|Ensembl|Inparanoid|NCBI|OMA|Panther|PhylomeDB|Treefam",8
"RCC2",55920,"ENSG00000179051",13616,"RCC2",100025978,"ENSMODG00000002653","EggNOG|Ensembl|Inparanoid|NCBI|OMA|OrthoDB|Panther|PhylomeDB|Treefam",9
"RCN2",5955,"ENSG00000117906",13616,"RCN2",100025484,"ENSMODG00000012080","EggNOG|Ensembl|Inparanoid|NCBI|OrthoDB|Panther|Treefam",7
"RCOR3",55758,"ENSG00000117625",13616,"RCOR3",100022220,"ENSMODG00000002688","EggNOG|Ensembl|Inparanoid|NCBI|OMA|OrthoDB|Panther|Treefam",8
"REM2",161253,"ENSG00000139890",13616,"REM2",100030410,"ENSMODG00000005212","EggNOG|Ensembl|Inparanoid|NCBI|OrthoDB|Panther|Treefam",7
"REXO2",25996,"ENSG00000076043",13616,"REXO2",100032087,"ENSMODG00000013913","EggNOG|Ensembl|Inparanoid|NCBI|OMA|OrthoDB|Panther|PhylomeDB|Treefam",9
"RFC3",5983,"ENSG00000133119",13616,"RFC3",100020774,"ENSMODG00000009764","EggNOG|Ensembl|Inparanoid|NCBI|OMA|OrthoDB|Panther|PhylomeDB|Treefam",9
"RFC4",5984,"ENSG00000163918",13616,"RFC4",100016281,"ENSMODG00000021285","EggNOG|Ensembl|Inparanoid|NCBI|OMA|OrthoDB|Panther|PhylomeDB|Treefam",9
"RFC5",5985,"ENSG00000111445",13616,"RFC5",100023612,"ENSMODG00000015360","EggNOG|Ensembl|Inparanoid|NCBI|OMA|OrthoDB|Panther|Treefam",8
"RHOV",171177,"ENSG00000104140",13616,"RHOV",100027557,"ENSMODG00000000207","EggNOG|Ensembl|Inparanoid|NCBI|OrthoDB|Panther|Treefam",7
"RIN2",54453,"ENSG00000132669",13616,"RIN2",100033251,"ENSMODG00000005916","EggNOG|Ensembl|Inparanoid|NCBI|Panther|Treefam",6
"RING1",6015,"ENSG00000204227",13616,"RING1",100618862,"ENSMODG00000014169","EggNOG|Ensembl|Inparanoid|NCBI|OMA|OrthoDB|Panther|Treefam",8
"RNASEH2C",84153,"ENSG00000172922",13616,"RNASEH2C",100030029,"ENSMODG00000009547","Ensembl|Inparanoid|NCBI|OMA|Panther|Treefam",6
"RNASET2",8635,"ENSG00000026297",13616,NA,NA,"ENSMODG00000006193","Ensembl|OMA|Panther|PhylomeDB|Treefam",5
"RNF167",26001,"ENSG00000108523",13616,"RNF167",100017491,"ENSMODG00000005330","EggNOG|Ensembl|Inparanoid|NCBI|OMA|Panther|PhylomeDB|Treefam",8
"RNF170",81790,"ENSG00000120925",13616,"RNF170",100033046,"ENSMODG00000010090","Ensembl|NCBI|Panther|Treefam",4
"RNPS1",10921,"ENSG00000205937",13616,"RNPS1",100013200,"ENSMODG00000015891","EggNOG|Ensembl|Inparanoid|NCBI|OMA|OrthoDB|Panther|Treefam",8
"RPA1",6117,"ENSG00000132383",13616,"RPA1",100018386,"ENSMODG00000010549","EggNOG|Ensembl|Inparanoid|NCBI|OMA|OrthoDB|Panther|Treefam",8
"RPIA",22934,"ENSG00000153574",13616,"RPIA",100029497,"ENSMODG00000009649","EggNOG|Ensembl|Inparanoid|NCBI|Panther|Treefam",6
"RPL13A",23521,"ENSG00000142541",13616,"RPL13A",100021957,"ENSMODG00000023391","EggNOG|Ensembl|NCBI|Panther|Treefam",5
"RPL15",6138,"ENSG00000174748",13616,"RPL15",100024612,"ENSMODG00000014880","EggNOG|Inparanoid|NCBI|OMA|OrthoDB|Panther|Treefam",7
"RPP21",79897,"ENSG00000241370",13616,"RPP21",103103048,"ENSMODG00000015967","EggNOG|Ensembl|Inparanoid|NCBI|OMA|Panther|Treefam",7
"RPS4X",6191,"ENSG00000198034",13616,"RPS4X",554195,"ENSMODG00000011070","NCBI|OMA|OrthoDB|Panther|PhylomeDB|Treefam",6
"RPS6KB1",6198,"ENSG00000108443",13616,"RPS6KB1",100010269,"ENSMODG00000014313","EggNOG|Inparanoid|NCBI|OMA|Panther|Treefam",6
"RRAGD",58528,"ENSG00000025039",13616,"RRAGD",100019760,"ENSMODG00000018275","EggNOG|Ensembl|Inparanoid|NCBI|OMA|OrthoDB|Panther|Treefam",8
"RRS1",23212,"ENSG00000179041",13616,"RRS1",100029298,"ENSMODG00000024952","EggNOG|Ensembl|Inparanoid|NCBI|OMA|Panther|Treefam",7
"RTCA",8634,"ENSG00000137996",13616,"RTCA",100032963,"ENSMODG00000003557","EggNOG|Ensembl|NCBI|OMA|OrthoDB|Panther|PhylomeDB|Treefam",8
"RTN3",10313,"ENSG00000133318",13616,"RTN3",100011483,"ENSMODG00000008519","EggNOG|Ensembl|Inparanoid|NCBI|Treefam",5
"RUVBL2",10856,"ENSG00000183207",13616,"RUVBL2",100030444,"ENSMODG00000013763","EggNOG|Ensembl|Inparanoid|NCBI|OMA|OrthoDB|Panther|Treefam",8
"RWDD4",201965,"ENSG00000182552",13616,"RWDD4",100012492,"ENSMODG00000004223","Ensembl|NCBI|OMA|OrthoDB|Panther|PhylomeDB|Treefam",7
"S100PBP",64766,"ENSG00000116497",13616,"S100PBP",100032389,"ENSMODG00000017396","EggNOG|Ensembl|NCBI|OMA|OrthoDB|Panther|Treefam",7
"SAE1",10055,"ENSG00000142230",13616,"SAE1",100016572,"ENSMODG00000008952","EggNOG|Ensembl|Inparanoid|NCBI|OMA|OrthoDB|Panther|PhylomeDB|Treefam",9
"SART3",9733,"ENSG00000075856",13616,"SART3",100025301,"ENSMODG00000002859","EggNOG|Ensembl|Inparanoid|NCBI|OMA|OrthoDB|Panther|Treefam",8
"SERPINB10",5273,"ENSG00000242550",13616,"LOC100025066",100025066,"ENSMODG00000005460","EggNOG|Ensembl|OMA|Panther|Treefam",5
"SERPINE2",5270,"ENSG00000135919",13616,"SERPINE2",100015362,"ENSMODG00000021201","EggNOG|Ensembl|Inparanoid|NCBI|OMA|Panther|Treefam",7
"SERTAD4",56256,"ENSG00000082497",13616,"SERTAD4",100016050,"ENSMODG00000002604","Inparanoid|NCBI|OMA|OrthoDB",4
"SET",6418,"ENSG00000119335",13616,"SET",100013223,"ENSMODG00000006342","Ensembl|NCBI|OrthoDB|Panther|Treefam",5
"SFPQ",6421,"ENSG00000116560",13616,"SFPQ",100031251,"ENSMODG00000017937","EggNOG|Ensembl|Inparanoid|NCBI|OMA|Panther|Treefam",7
"SFT2D2",375035,"ENSG00000213064",13616,"SFT2D2",100013997,"ENSMODG00000002896","EggNOG|Ensembl|Inparanoid|NCBI|OMA|OrthoDB|Panther|PhylomeDB|Treefam",9
"SH3GL3",6457,"ENSG00000140600",13616,"SH3GL3",100012042,"ENSMODG00000019381","EggNOG|Ensembl|NCBI|Panther|Treefam",5
"SHFL",55337,"ENSG00000130813",13616,"SHFL",100619518,"ENSMODG00000005120","EggNOG|Ensembl|NCBI|OMA|OrthoDB|Panther|Treefam",7
"SHMT1",6470,"ENSG00000176974",13616,"SHMT1",100029356,"ENSMODG00000013682","EggNOG|Ensembl|Inparanoid|NCBI|OMA|OrthoDB|Panther|PhylomeDB|Treefam",9
"SLBP",7884,"ENSG00000163950",13616,"SLBP",100024303,"ENSMODG00000004304","EggNOG|Ensembl|Inparanoid|NCBI|OMA|Panther|Treefam",7
"SLC19A3",80704,"ENSG00000135917",13616,"LOC100021085",100021085,"ENSMODG00000021220","EggNOG|Ensembl|Inparanoid|OMA|OrthoDB|Panther|PhylomeDB|Treefam",8
"SLC23A2",9962,"ENSG00000089057",13616,"SLC23A2",100032774,"ENSMODG00000011633","EggNOG|Ensembl|Inparanoid|NCBI|Panther|PhylomeDB|Treefam",7
"SLC39A10",57181,"ENSG00000196950",13616,"SLC39A10",100022015,"ENSMODG00000012046","EggNOG|Ensembl|Inparanoid|NCBI|OMA|OrthoDB|Panther|Treefam",8
"SLC3A2",6520,"ENSG00000168003",13616,"SLC3A2",100013019,"ENSMODG00000008156","EggNOG|Ensembl|Inparanoid|NCBI|OMA|OrthoDB|Panther|Treefam",8
"SLC43A3",29015,"ENSG00000134802",13616,"SLC43A3",100619084,"ENSMODG00000020100","EggNOG|Ensembl|Inparanoid|NCBI|OMA|OrthoDB|Panther|Treefam",8
"SLC52A3",113278,"ENSG00000101276",13616,"LOC100013054",100013054,"ENSMODG00000023521","EggNOG|Ensembl|Inparanoid|OrthoDB|Panther|Treefam",6
"SLC7A7",9056,"ENSG00000155465",13616,"SLC7A7",100024137,"ENSMODG00000005329","Ensembl|Inparanoid|NCBI|Panther|Treefam",5
"SMARCA1",6594,"ENSG00000102038",13616,"SMARCA1",100021449,"ENSMODG00000013187","EggNOG|Ensembl|Inparanoid|NCBI|OMA|OrthoDB|Panther|Treefam",8
"SMARCA2",6595,"ENSG00000080503",13616,"SMARCA2",100016256,"ENSMODG00000003578","EggNOG|Ensembl|Inparanoid|NCBI|OMA|OrthoDB|Panther|Treefam",8
"SMARCA5",8467,"ENSG00000153147",13616,"SMARCA5",100026670,"ENSMODG00000000391","EggNOG|Ensembl|Inparanoid|NCBI|OMA|OrthoDB|Panther|Treefam",8
"SMARCE1",6605,"ENSG00000073584",13616,"SMARCE1",100015765,"ENSMODG00000013191","EggNOG|Ensembl|Inparanoid|NCBI|OMA|OrthoDB|Panther|Treefam",8
"SMIM20",389203,"ENSG00000250317",13616,"SMIM20",100617069,"ENSMODG00000000137","Ensembl|NCBI|OMA|Panther|Treefam",5
"SMPD2",6610,"ENSG00000135587",13616,"SMPD2",100029088,"ENSMODG00000017971","Inparanoid|NCBI|OMA|OrthoDB",4
"SNRNP40",9410,"ENSG00000060688",13616,"SNRNP40",100027017,"ENSMODG00000017078","EggNOG|Ensembl|Inparanoid|NCBI|OMA|OrthoDB|Panther|Treefam",8
"SNRPA",6626,"ENSG00000077312",13616,"SNRPA",100018352,"ENSMODG00000007912","EggNOG|Ensembl|NCBI|OMA|Panther|PhylomeDB|Treefam",7
"SNRPD2",6633,"ENSG00000125743",13616,"SNRPD2",NA,"ENSMODG00000021539","EggNOG|Ensembl|Inparanoid|OMA|Panther|PhylomeDB|Treefam",7
"SNRPE",6635,"ENSG00000182004",13616,"SNRPE",100012867,"ENSMODG00000028394","EggNOG|Ensembl|Inparanoid|NCBI|OMA|OrthoDB|Panther|Treefam",8
"SNRPF",6636,"ENSG00000139343",13616,"SNRPF",100017542,"ENSMODG00000008091","EggNOG|Ensembl|Inparanoid|NCBI|OMA|Panther|PhylomeDB|Treefam",8
"SNRPG",6637,"ENSG00000143977",13616,"SNRPG",100029377,"ENSMODG00000011528","EggNOG|Inparanoid|NCBI|Panther|Treefam",5
"SNX22",79856,"ENSG00000157734",13616,"SNX22",100618133,"ENSMODG00000010831","EggNOG|Ensembl|Inparanoid|NCBI|OrthoDB|Panther|Treefam",7
"SNX32",254122,"ENSG00000172803",13616,"SNX32",100029936,"ENSMODG00000009189","EggNOG|Ensembl|Inparanoid|NCBI|OMA|OrthoDB|Panther|Treefam",8
"SOD1",6647,"ENSG00000142168",13616,"SOD1",100014993,"ENSMODG00000021041","EggNOG|Ensembl|Inparanoid|NCBI|OMA|OrthoDB|Panther|Treefam",8
"SPARC",6678,"ENSG00000113140",13616,"SPARC",100024756,"ENSMODG00000009028","EggNOG|Ensembl|Inparanoid|NCBI|OrthoDB|Panther|PhylomeDB|Treefam",8
"SPINT2",10653,"ENSG00000167642",13616,NA,NA,"ENSMODG00000013117","Ensembl|OMA|Panther|Treefam",4
"SRSF4",6429,"ENSG00000116350",13616,"SRSF4",100015407,"ENSMODG00000011052","Ensembl|Inparanoid|NCBI|OMA|Panther",5
"SSB",6741,"ENSG00000138385",13616,"SSB",100017691,"ENSMODG00000008227","Ensembl|NCBI|OMA|Panther|Treefam",5
"SSBP2",23635,"ENSG00000145687",13616,"SSBP2",100015681,"ENSMODG00000020258","EggNOG|Ensembl|Inparanoid|NCBI|OMA|OrthoDB|Panther|Treefam",8
"SSRP1",6749,"ENSG00000149136",13616,"SSRP1",100025230,"ENSMODG00000020088","EggNOG|Ensembl|Inparanoid|NCBI|OMA|Panther|PhylomeDB|Treefam",8
"STEAP1",26872,"ENSG00000164647",13616,"STEAP1",100021193,"ENSMODG00000010406","Ensembl|NCBI|OMA|OrthoDB|Panther|PhylomeDB|Treefam",7
"STEAP1B",256227,"ENSG00000105889",13616,"STEAP1",100021193,"ENSMODG00000010406","EggNOG|Ensembl|OMA|OrthoDB|Panther|PhylomeDB|Treefam",7
"STMN1",3925,"ENSG00000117632",13616,"STMN1",100011564,"ENSMODG00000014027","EggNOG|Ensembl|Inparanoid|NCBI|OMA|Panther|PhylomeDB|Treefam",8
"STRBP",55342,"ENSG00000165209",13616,"STRBP",100017876,"ENSMODG00000019732","EggNOG|Ensembl|Inparanoid|NCBI|Panther|PhylomeDB|Treefam",7
"STYX",6815,"ENSG00000198252",13616,"STYX",100015281,"ENSMODG00000029372","EggNOG|Ensembl|NCBI|OrthoDB|Panther|Treefam",6
"SULF1",23213,"ENSG00000137573",13616,"SULF1",100028823,"ENSMODG00000007441","EggNOG|Ensembl|Inparanoid|NCBI|OMA|OrthoDB|Panther|Treefam",8
"SUMO2",6613,"ENSG00000188612",13616,"SUMO2",100023068,"ENSMODG00000007222","NCBI|OMA|OrthoDB|Panther|Treefam",5
"SUPT16H",11198,"ENSG00000092201",13616,"SUPT16H",100023349,"ENSMODG00000006539","Ensembl|Inparanoid|NCBI|Panther|Treefam",5
"SUSD2",56241,"ENSG00000099994",13616,"SUSD2",100619343,"ENSMODG00000000309","EggNOG|Ensembl|Inparanoid|NCBI|OMA|Panther|Treefam",7
"SYNCRIP",10492,"ENSG00000135316",13616,"SYNCRIP",100018977,"ENSMODG00000018345","Ensembl|Inparanoid|NCBI|OMA|Panther|Treefam",6
"TAGLN",6876,"ENSG00000149591",13616,"TAGLN",100025576,"ENSMODG00000013744","EggNOG|Ensembl|Inparanoid|NCBI|OMA|Treefam",6
"TAPBP",6892,"ENSG00000231925",13616,"TAPBP",100027179,"ENSMODG00000014159","EggNOG|Ensembl|Inparanoid|NCBI|OMA|Panther|Treefam",7
"TASP1",55617,"ENSG00000089123",13616,"TASP1",100031598,"ENSMODG00000005044","EggNOG|Ensembl|Inparanoid|NCBI|Panther|Treefam",6
"TBC1D12",23232,"ENSG00000108239",13616,"TBC1D12",100023353,"ENSMODG00000005589","Ensembl|NCBI|Panther",3
"TBCA",6902,"ENSG00000171530",13616,"TBCA",100032660,"ENSMODG00000019735","Inparanoid|NCBI|OMA",3
"TBCB",1155,"ENSG00000105254",13616,"TBCB",100017019,"ENSMODG00000014175","EggNOG|Ensembl|Inparanoid|NCBI|OMA|OrthoDB|PhylomeDB|Treefam",8
"TCAIM",285343,"ENSG00000179152",13616,"TCAIM",100032099,"ENSMODG00000015227","EggNOG|Ensembl|Inparanoid|NCBI|OMA|OrthoDB|Panther|Treefam",8
"TDRKH",11022,"ENSG00000182134",13616,"TDRKH",100016093,"ENSMODG00000018906","EggNOG|Ensembl|Inparanoid|NCBI|OMA|OrthoDB|Panther|Treefam",8
"TERF2",7014,"ENSG00000132604",13616,"TERF2",100028044,"ENSMODG00000002766","EggNOG|Ensembl|Inparanoid|NCBI|Panther|Treefam",6
"TF",7018,"ENSG00000091513",13616,"TF",100015908,"ENSMODG00000018479","EggNOG|NCBI|OMA|OrthoDB|Panther|Treefam",6
"TFDP1",7027,"ENSG00000198176",13616,"TFDP1",100021442,"ENSMODG00000003737","Ensembl|Inparanoid|NCBI|OMA|OrthoDB|Panther|Treefam",7
"TFDP2",7029,"ENSG00000114126",13616,"TFDP2",100618187,"ENSMODG00000021234","EggNOG|Ensembl|Inparanoid|NCBI|OMA|Panther|Treefam",7
"TFRC",7037,"ENSG00000072274",13616,"TFRC",NA,"ENSMODG00000018427","EggNOG|Ensembl|OMA|Panther|Treefam",5
"TGIF1",7050,"ENSG00000177426",13616,"TGIF1",100012319,"ENSMODG00000021462","EggNOG|Ensembl|Inparanoid|NCBI|OMA|Panther|Treefam",7
"THOC3",84321,"ENSG00000051596",13616,"THOC3",100031699,"ENSMODG00000005339","Ensembl|Inparanoid|NCBI|OrthoDB|Panther|PhylomeDB|Treefam",7
"TIMP4",7079,"ENSG00000157150",13616,"TIMP4",103094309,"ENSMODG00000006199","EggNOG|Ensembl|Inparanoid|NCBI|OMA|Panther|PhylomeDB|Treefam",8
"TK1",7083,"ENSG00000167900",13616,"TK1",100026794,"ENSMODG00000001854","Ensembl|NCBI|OMA|OrthoDB|Panther|Treefam",6
"TKT",7086,"ENSG00000163931",13616,"TKT",100014601,"ENSMODG00000012573","EggNOG|Ensembl|Inparanoid|NCBI|OMA|OrthoDB|Panther|Treefam",8
"TMEM109",79073,"ENSG00000110108",13616,"TMEM109",100029632,"ENSMODG00000020339","EggNOG|Ensembl|Inparanoid|NCBI|OMA|Panther|PhylomeDB|Treefam",8
"TMEM123",114908,"ENSG00000152558",13616,"TMEM123",103094183,"ENSMODG00000000611","EggNOG|Ensembl|Inparanoid|NCBI|OMA|Panther|Treefam",7
"TMEM179B",374395,"ENSG00000185475",13616,"TMEM179B",100012636,"ENSMODG00000008003","EggNOG|Ensembl|Inparanoid|NCBI|OMA|Panther|PhylomeDB|Treefam",8
"TMEM88",92162,"ENSG00000167874",13616,"TMEM88",100015120,"ENSMODG00000007429","Inparanoid|NCBI|OMA",3
"TOP2A",7153,"ENSG00000131747",13616,"TOP2A",100016027,"ENSMODG00000013152","EggNOG|Ensembl|Inparanoid|NCBI|OMA|OrthoDB|Panther|Treefam",8
"TOX2",84969,"ENSG00000124191",13616,"TOX2",100032245,"ENSMODG00000003070","EggNOG|Ensembl|Inparanoid|NCBI|OrthoDB|Panther|Treefam",7
"TRA2B",6434,"ENSG00000136527",13616,"TRA2B",100026641,"ENSMODG00000013248","Ensembl|NCBI|OMA|OrthoDB|Panther|Treefam",6
"TRIM59",286827,"ENSG00000213186",13616,"LOC100016634",100016634,"ENSMODG00000016325","Ensembl|Panther|Treefam",3
"TSEN34",79042,"ENSG00000170892",13616,"TSEN34",100028470,"ENSMODG00000003984","EggNOG|Ensembl|Inparanoid|NCBI|OMA|Panther|PhylomeDB|Treefam",8
"TSPAN1",10103,"ENSG00000117472",13616,"TSPAN1",100024165,"ENSMODG00000002113","EggNOG|Ensembl|Inparanoid|NCBI|OMA|Panther|Treefam",7
"TTC9C",283237,"ENSG00000162222",13616,"TTC9C",100010533,"ENSMODG00000007947","EggNOG|Ensembl|Inparanoid|NCBI|OMA|OrthoDB|Panther|Treefam",8
"TUBB",203068,"ENSG00000196230",13616,"TUBB",100022562,"ENSMODG00000023805","EggNOG|Ensembl|Inparanoid|NCBI|OMA|Panther|PhylomeDB|Treefam",8
"TUBB6",84617,"ENSG00000176014",13616,"TUBB6",100014040,"ENSMODG00000003363","EggNOG|Ensembl|Inparanoid|NCBI|OMA|OrthoDB|Panther|Treefam",8
"TUBG1",7283,"ENSG00000131462",13616,"LOC100010939",100010939,"ENSMODG00000014971","EggNOG|Ensembl|Inparanoid|OMA|Panther|Treefam",6
"TWF2",11344,"ENSG00000247596",13616,"TWF2",100020777,"ENSMODG00000011648","EggNOG|Ensembl|Inparanoid|NCBI|OMA|OrthoDB|Panther|PhylomeDB|Treefam",9
"TXNRD1",7296,"ENSG00000198431",13616,"TXNRD1",100015072,"ENSMODG00000002150","Inparanoid|NCBI|OMA",3
"UBE2B",7320,"ENSG00000119048",13616,"UBE2B",100014677,"ENSMODG00000014209","EggNOG|Ensembl|Inparanoid|NCBI|OrthoDB|Panther|PhylomeDB|Treefam",8
"UBE2I",7329,"ENSG00000103275",13616,"UBE2I",100009846,"ENSMODG00000016199","EggNOG|Ensembl|Inparanoid|NCBI|OMA|PhylomeDB|Treefam",7
"UBR7",55148,"ENSG00000012963",13616,"UBR7",100014488,"ENSMODG00000002223","Ensembl|Inparanoid|NCBI|OrthoDB|Panther|Treefam",6
"UCHL1",7345,"ENSG00000154277",13616,"UCHL1",100015629,"ENSMODG00000020568","EggNOG|Ensembl|Inparanoid|NCBI|OMA|OrthoDB|Panther|PhylomeDB|Treefam",9
"UHRF2",115426,"ENSG00000147854",13616,"UHRF2",100015318,"ENSMODG00000015238","EggNOG|Ensembl|Inparanoid|NCBI|OMA|OrthoDB|Panther|Treefam",8
"UPP1",7378,"ENSG00000183696",13616,"UPP1",100030227,"ENSMODG00000009417","EggNOG|Ensembl|Inparanoid|NCBI|OMA|OrthoDB|Panther|Treefam",8
"UPRT",139596,"ENSG00000094841",13616,"UPRT",100018971,"ENSMODG00000027579","EggNOG|Inparanoid|NCBI|OMA|OrthoDB|Panther|Treefam",7
"UROD",7389,"ENSG00000126088",13616,"UROD",100024880,"ENSMODG00000002481","EggNOG|Ensembl|Inparanoid|NCBI|OMA|OrthoDB|Panther|PhylomeDB|Treefam",9
"USP44",84101,"ENSG00000136014",13616,"USP44",100017189,"ENSMODG00000008126","EggNOG|Ensembl|Inparanoid|NCBI|OMA|OrthoDB|Panther|PhylomeDB|Treefam",9
"VARS1",7407,"ENSG00000204394",13616,"VARS1",100023525,"ENSMODG00000015204","EggNOG|Ensembl|NCBI|OMA|OrthoDB|Panther|Treefam",7
"VDAC1",7416,"ENSG00000213585",13616,"VDAC1",100014869,"ENSMODG00000014157","EggNOG|Ensembl|Inparanoid|NCBI|OrthoDB|Panther|Treefam",7
"VDAC3",7419,"ENSG00000078668",13616,"VDAC3",100030164,"ENSMODG00000015526","EggNOG|Ensembl|NCBI|OrthoDB|Panther|Treefam",6
"VRTN",55237,"ENSG00000133980",13616,"VRTN",100023915,"ENSMODG00000006340","EggNOG|Ensembl|Inparanoid|NCBI|OrthoDB|Panther|Treefam",7
"WDR43",23160,"ENSG00000163811",13616,"WDR43",100031318,"ENSMODG00000015545","EggNOG|Ensembl|Inparanoid|NCBI|OrthoDB|Panther|Treefam",7
"WDR74",54663,"ENSG00000133316",13616,"WDR74",100012856,"ENSMODG00000008120","EggNOG|Ensembl|Inparanoid|NCBI|OMA|OrthoDB|Panther|PhylomeDB|Treefam",9
"WDR76",79968,"ENSG00000092470",13616,"WDR76",100012076,"ENSMODG00000017738","EggNOG|Ensembl|Inparanoid|NCBI|OrthoDB|Panther|Treefam",7
"WDR77",79084,"ENSG00000116455",13616,"WDR77",100033121,"ENSMODG00000001364","EggNOG|Ensembl|Inparanoid|NCBI|OMA|Panther|Treefam",7
"WSB1",26118,"ENSG00000109046",13616,"WSB1",100023969,"ENSMODG00000019221","EggNOG|Ensembl|Inparanoid|NCBI|OMA|OrthoDB|Treefam",7
"YARS1",8565,"ENSG00000134684",13616,"YARS1",100025987,"ENSMODG00000017404","EggNOG|Ensembl|NCBI|OMA|Panther|Treefam",6
"YBX3",8531,"ENSG00000060138",13616,"LOC100019029",100019029,"ENSMODG00000018248","EggNOG|Ensembl|OMA|Panther|Treefam",5
"YWHAB",7529,"ENSG00000166913",13616,"YWHAB",100024059,"ENSMODG00000016200","EggNOG|Ensembl|Inparanoid|NCBI|Panther|PhylomeDB|Treefam",7
"YWHAQ",10971,"ENSG00000134308",13616,"YWHAQ",100032061,"ENSMODG00000014740","NCBI|Panther|Treefam",3
"ZIC3",7547,"ENSG00000156925",13616,"ZIC3",100010565,"ENSMODG00000014029","EggNOG|Ensembl|Inparanoid|NCBI|OMA|OrthoDB|Panther|Treefam",8
"ZMAT5",55954,"ENSG00000100319",13616,"ZMAT5",100018335,"ENSMODG00000009007","EggNOG|Ensembl|Inparanoid|NCBI|OMA|OrthoDB|Panther|PhylomeDB|Treefam",9
"ZMYND8",23613,"ENSG00000101040",13616,"ZMYND8",100029628,"ENSMODG00000016238","EggNOG|Ensembl|Inparanoid|NCBI|OrthoDB|Panther|Treefam",7
"ZNF644",84146,"ENSG00000122482",13616,"ZNF644",100026946,"ENSMODG00000012054","EggNOG|Ensembl|Inparanoid|NCBI|OMA|OrthoDB|Panther|PhylomeDB|Treefam",9
"ZNF770",54989,"ENSG00000198146",13616,"ZNF770",103093208,"ENSMODG00000024233","EggNOG|Ensembl|Inparanoid|NCBI|Panther|Treefam",6
"ZNRD2",10534,"ENSG00000173465",13616,"ZNRD2",NA,"ENSMODG00000009665","EggNOG|Ensembl|OMA|Panther|PhylomeDB|Treefam",6
"ZPR1",8882,"ENSG00000109917",13616,"ZPR1",100031693,"ENSMODG00000013816","Ensembl|NCBI|OMA|OrthoDB|Panther|PhylomeDB|Treefam",7
"ZSCAN10",84891,"ENSG00000130182",13616,"ZSCAN10",100017574,"ENSMODG00000016462","EggNOG|Ensembl|Inparanoid|NCBI|OMA|OrthoDB|Panther|Treefam",8
